UTC:,2022-07-20 03:50:46.907269
Isrc:,100plus
time [s],data*0.1 [mV]:
1658289046.9112673,-20734,-21188,-21677,-21569,-21627,-21515,-21609,-21352,-21084,-21258,-21127,-20776,-21118,-21501,-21286,-20859,
1658289046.9112673,A
1658289046.9132693,-20735,-21182,-21676,-21571,-21631,-21524,-21609,-21352,-21083,-21263,-21123,-20772,-21122,-21500,-21288,-20868,
1658289046.914269,A
1658289046.916268,-20739,-21187,-21674,-21573,-21629,-21528,-21609,-21350,-21082,-21260,-21125,-20771,-21121,-21499,-21289,-20867,
1658289046.916268,A
1658289046.9182684,-20735,-21185,-21676,-21572,-21629,-21522,-21605,-21357,-21078,-21263,-21124,-20773,-21119,-21501,-21288,-20868,
1658289046.9182684,A
1658289046.9222758,-20734,-21187,-21677,-21571,-21628,-21527,-21608,-21355,-21082,-21256,-21123,-20775,-21119,-21506,-21288,-20865,
1658289046.9222758,A
1658289046.9262686,-20738,-21182,-21681,-21569,-21632,-21520,-21611,-21350,-21080,-21260,-21123,-20773,-21122,-21500,-21289,-20864,
1658289046.9262686,A
1658289046.9292777,-20737,-21185,-21674,-21570,-21635,-21517,-21610,-21357,-21080,-21263,-21126,-20772,-21122,-21503,-21288,-20871,
1658289046.9292777,A
1658289046.932267,-20741,-21186,-21680,-21569,-21629,-21521,-21610,-21357,-21081,-21256,-21123,-20774,-21121,-21500,-21286,-20867,
1658289046.932267,A
1658289046.9342656,-20736,-21186,-21678,-21567,-21631,-21523,-21611,-21350,-21084,-21259,-21113,-20776,-21118,-21501,-21285,-20867,
1658289046.9342656,A
1658289046.9363177,-20737,-21183,-21676,-21564,-21630,-21523,-21606,-21355,-21084,-21258,-21123,-20777,-21119,-21504,-21290,-20863,
1658289046.937322,A
1658289046.9392936,-20739,-21183,-21679,-21573,-21634,-21524,-21611,-21357,-21080,-21261,-21125,-20775,-21120,-21502,-21287,-20865,
1658289046.9392936,A
1658289046.9422674,-20739,-21182,-21678,-21573,-21626,-21525,-21610,-21354,-21080,-21262,-21129,-20777,-21121,-21501,-21289,-20865,
1658289046.9422674,A
1658289046.946267,-20736,-21189,-21677,-21570,-21629,-21523,-21610,-21360,-21084,-21265,-21124,-20774,-21122,-21500,-21289,-20865,
1658289046.946267,A
1658289046.9492655,-20737,-21187,-21676,-21571,-21637,-21519,-21607,-21355,-21081,-21263,-21126,-20777,-21123,-21507,-21286,-20870,
1658289046.9492655,A
1658289046.9522653,-20734,-21187,-21681,-21571,-21632,-21521,-21609,-21353,-21085,-21263,-21127,-20772,-21125,-21504,-21289,-20869,
1658289046.9522653,A
1658289046.9552658,-20743,-21186,-21679,-21571,-21633,-21520,-21613,-21355,-21083,-21267,-21122,-20777,-21123,-21503,-21289,-20863,
1658289046.9552658,A
1658289046.9572675,-20740,-21183,-21682,-21576,-21631,-21523,-21612,-21358,-21083,-21262,-21128,-20780,-21127,-21508,-21289,-20869,
1658289046.9572675,A
1658289046.96027,-20735,-21187,-21681,-21570,-21631,-21527,-21613,-21358,-21085,-21262,-21128,-20775,-21120,-21506,-21289,-20869,
1658289046.96027,A
1658289046.9642694,-20741,-21184,-21679,-21568,-21629,-21521,-21610,-21363,-21084,-21264,-21127,-20773,-21123,-21506,-21291,-20867,
1658289046.9642694,A
1658289046.9662673,-20737,-21186,-21679,-21574,-21637,-21523,-21610,-21356,-21084,-21262,-21127,-20776,-21124,-21503,-21288,-20871,
1658289046.9672668,A
1658289046.9692643,-20737,-21189,-21676,-21573,-21635,-21524,-21608,-21358,-21082,-21266,-21126,-20779,-21132,-21504,-21282,-20864,
1658289046.9692643,A
1658289046.9712667,-20747,-21193,-21686,-21574,-21621,-21518,-21621,-21357,-21099,-21260,-21119,-20769,-21118,-21513,-21295,-20871,
1658289046.9712667,A
1658289046.9732664,-20728,-21181,-21668,-21569,-21636,-21525,-21605,-21342,-21077,-21271,-21130,-20782,-21129,-21491,-21289,-20875,
1658289046.9732664,A
1658289046.9762669,-20751,-21191,-21680,-21569,-21630,-21533,-21613,-21359,-21079,-21250,-21124,-20775,-21133,-21499,-21295,-20857,
1658289046.9762669,A
1658289046.9792645,-20729,-21179,-21682,-21576,-21621,-21516,-21604,-21359,-21084,-21273,-21129,-20772,-21119,-21509,-21296,-20871,
1658289046.9792645,A
1658289046.9822686,-20736,-21174,-21677,-21562,-21634,-21526,-21611,-21354,-21081,-21259,-21125,-20781,-21121,-21512,-21273,-20865,
1658289046.9822686,A
1658289046.9852688,-20743,-21191,-21680,-21573,-21617,-21514,-21614,-21361,-21087,-21262,-21114,-20784,-21123,-21508,-21310,-20882,
1658289046.9852688,A
1658289046.9882677,-20723,-21184,-21682,-21582,-21647,-21536,-21603,-21347,-21104,-21271,-21147,-20784,-21127,-21501,-21293,-20871,
1658289046.9882677,A
1658289046.9902704,-20748,-21196,-21687,-21570,-21626,-21520,-21602,-21357,-21077,-21269,-21122,-20782,-21131,-21500,-21296,-20862,
1658289046.9902704,A
1658289046.9932697,-20741,-21195,-21687,-21579,-21639,-21522,-21613,-21368,-21087,-21266,-21124,-20769,-21125,-21497,-21297,-20884,
1658289046.9932697,A
1658289046.9952676,-20754,-21171,-21674,-21565,-21624,-21531,-21604,-21359,-21090,-21262,-21127,-20788,-21130,-21498,-21289,-20872,
1658289046.9952676,A
1658289046.9972663,-20745,-21192,-21691,-21559,-21630,-21531,-21614,-21368,-21083,-21261,-21125,-20784,-21124,-21515,-21300,-20872,
1658289046.9972663,A
1658289047.0002668,-20745,-21183,-21679,-21570,-21640,-21532,-21600,-21358,-21093,-21275,-21145,-20790,-21118,-21505,-21296,-20867,
1658289047.0002668,A
1658289047.0022666,-20744,-21186,-21686,-21575,-21632,-21541,-21636,-21372,-21093,-21270,-21121,-20784,-21135,-21516,-21302,-20872,
1658289047.0022666,A
1658289047.0042665,-20738,-21194,-21687,-21571,-21634,-21524,-21622,-21355,-21096,-21279,-21120,-20775,-21124,-21509,-21295,-20887,
1658289047.0042665,A
1658289047.006266,-20756,-21179,-21693,-21560,-21639,-21536,-21624,-21348,-21076,-21256,-21136,-20800,-21138,-21500,-21302,-20867,
1658289047.006266,A
1658289047.008266,-20758,-21197,-21681,-21572,-21623,-21518,-21611,-21368,-21105,-21263,-21127,-20781,-21144,-21513,-21299,-20878,
1658289047.008266,A
1658289047.0122697,-20739,-21198,-21682,-21569,-21643,-21528,-21612,-21368,-21088,-21270,-21154,-20777,-21111,-21500,-21290,-20882,
1658289047.0122697,A
1658289047.0162652,-20752,-21197,-21673,-21583,-21628,-21536,-21637,-21369,-21081,-21258,-21135,-20798,-21131,-21527,-21296,-20863,
1658289047.0162652,A
1658289047.018265,-20747,-21202,-21698,-21565,-21645,-21520,-21611,-21363,-21100,-21271,-21132,-20771,-21123,-21511,-21283,-20874,
1658289047.018265,A
1658289047.0202658,-20732,-21183,-21677,-21571,-21630,-21533,-21607,-21349,-21093,-21265,-21110,-20792,-21122,-21503,-21278,-20875,
1658289047.0202658,A
1658289047.0222657,-20747,-21183,-21674,-21565,-21626,-21521,-21608,-21353,-21069,-21256,-21125,-20765,-21121,-21509,-21306,-20860,
1658289047.0222657,A
1658289047.0242665,-20732,-21176,-21689,-21584,-21649,-21527,-21602,-21349,-21084,-21254,-21145,-20775,-21124,-21503,-21295,-20870,
1658289047.0242665,A
1658289047.0272682,-20752,-21187,-21666,-21567,-21642,-21516,-21628,-21368,-21082,-21260,-21124,-20766,-21124,-21506,-21280,-20861,
1658289047.0272682,A
1658289047.0302682,-20735,-21195,-21686,-21577,-21628,-21523,-21611,-21358,-21086,-21266,-21128,-20772,-21126,-21505,-21289,-20866,
1658289047.0312665,A
1658289047.033267,-20746,-21187,-21683,-21569,-21634,-21530,-21614,-21356,-21085,-21265,-21127,-20774,-21122,-21505,-21288,-20868,
1658289047.033267,A
1658289047.0352662,-20745,-21184,-21682,-21574,-21635,-21524,-21616,-21357,-21088,-21266,-21127,-20777,-21127,-21506,-21289,-20872,
1658289047.0352662,A
1658289047.0372696,-20749,-21186,-21681,-21575,-21634,-21525,-21615,-21357,-21088,-21267,-21123,-20778,-21127,-21502,-21291,-20870,
1658289047.0372696,A
1658289047.040266,-20741,-21188,-21681,-21576,-21636,-21526,-21616,-21365,-21087,-21265,-21126,-20781,-21126,-21507,-21293,-20866,
1658289047.040266,A
1658289047.0432665,-20743,-21188,-21683,-21575,-21631,-21522,-21614,-21355,-21087,-21264,-21128,-20778,-21125,-21508,-21290,-20867,
1658289047.0432665,A
1658289047.0462666,-20748,-21194,-21681,-21576,-21636,-21525,-21615,-21360,-21085,-21264,-21122,-20780,-21125,-21506,-21289,-20872,
1658289047.0462666,A
1658289047.0482638,-20737,-21188,-21681,-21572,-21634,-21527,-21613,-21359,-21082,-21268,-21124,-20780,-21126,-21505,-21296,-20868,
1658289047.0482638,A
1658289047.0502648,-20740,-21186,-21682,-21574,-21632,-21525,-21611,-21357,-21086,-21263,-21128,-20776,-21127,-21507,-21290,-20866,
1658289047.0512655,A
1658289047.0532641,-20740,-21186,-21680,-21575,-21628,-21524,-21609,-21355,-21084,-21263,-21122,-20778,-21127,-21500,-21293,-20869,
1658289047.0532641,A
1658289047.055265,-20737,-21180,-21682,-21573,-21631,-21523,-21610,-21354,-21079,-21263,-21127,-20773,-21122,-21502,-21289,-20872,
1658289047.055265,A
1658289047.0572648,-20737,-21189,-21677,-21573,-21633,-21527,-21609,-21352,-21080,-21264,-21127,-20774,-21127,-21505,-21284,-20864,
1658289047.0572648,A
1658289047.060268,-20741,-21187,-21678,-21576,-21630,-21522,-21612,-21356,-21086,-21257,-21122,-20779,-21123,-21507,-21288,-20871,
1658289047.060268,A
1658289047.0622642,-20741,-21186,-21681,-21573,-21629,-21524,-21611,-21354,-21084,-21265,-21123,-20777,-21122,-21499,-21286,-20864,
1658289047.0622642,A
1658289047.0642657,-20736,-21185,-21677,-21571,-21625,-21520,-21610,-21349,-21081,-21261,-21120,-20772,-21124,-21500,-21289,-20865,
1658289047.0642657,A
1658289047.0662634,-20734,-21184,-21674,-21570,-21632,-21520,-21609,-21353,-21081,-21262,-21120,-20777,-21123,-21504,-21287,-20865,
1658289047.0662634,A
1658289047.0682642,-20737,-21183,-21678,-21570,-21628,-21519,-21608,-21352,-21082,-21261,-21118,-20774,-21119,-21501,-21285,-20868,
1658289047.0682642,A
1658289047.0702648,-20736,-21186,-21678,-21567,-21635,-21518,-21605,-21351,-21082,-21262,-21123,-20775,-21119,-21503,-21287,-20866,
1658289047.0702648,A
1658289047.0722635,-20735,-21183,-21675,-21567,-21629,-21526,-21606,-21353,-21082,-21264,-21123,-20779,-21123,-21498,-21287,-20870,
1658289047.0722635,A
1658289047.0752678,-20740,-21184,-21679,-21575,-21627,-21522,-21613,-21358,-21088,-21263,-21125,-20780,-21124,-21511,-21296,-20871,
1658289047.0752678,A
1658289047.0772662,-20743,-21186,-21683,-21580,-21640,-21527,-21613,-21364,-21087,-21266,-21129,-20779,-21126,-21507,-21290,-20874,
1658289047.0772662,A
1658289047.0792644,-20749,-21190,-21684,-21573,-21635,-21526,-21618,-21362,-21087,-21270,-21126,-20784,-21128,-21504,-21297,-20873,
1658289047.0792644,A
1658289047.0812666,-20749,-21189,-21685,-21574,-21637,-21528,-21617,-21359,-21089,-21265,-21130,-20780,-21126,-21511,-21293,-20876,
1658289047.0812666,A
1658289047.0832658,-20746,-21189,-21690,-21576,-21635,-21531,-21616,-21359,-21090,-21267,-21126,-20784,-21130,-21505,-21296,-20876,
1658289047.0832658,A
1658289047.0852673,-20749,-21188,-21684,-21575,-21637,-21527,-21622,-21362,-21090,-21272,-21129,-20784,-21130,-21510,-21295,-20871,
1658289047.0852673,A
1658289047.087264,-20749,-21188,-21683,-21577,-21634,-21529,-21616,-21361,-21087,-21265,-21128,-20781,-21129,-21505,-21295,-20873,
1658289047.087264,A
1658289047.0892644,-20742,-21188,-21686,-21575,-21637,-21526,-21619,-21367,-21088,-21268,-21129,-20779,-21130,-21512,-21295,-20874,
1658289047.0892644,A
1658289047.0922654,-20742,-21193,-21681,-21575,-21635,-21525,-21612,-21366,-21093,-21274,-21125,-20780,-21128,-21508,-21296,-20872,
1658289047.0922654,A
1658289047.0962675,-20750,-21190,-21685,-21579,-21636,-21524,-21615,-21365,-21089,-21268,-21132,-20784,-21125,-21511,-21294,-20873,
1658289047.0962675,A
1658289047.0992672,-20742,-21194,-21686,-21578,-21635,-21530,-21616,-21366,-21087,-21269,-21131,-20782,-21127,-21511,-21295,-20879,
1658289047.0992672,A
1658289047.1022656,-20747,-21192,-21685,-21579,-21638,-21532,-21620,-21360,-21088,-21269,-21133,-20780,-21128,-21508,-21295,-20873,
1658289047.1022656,A
1658289047.1042688,-20745,-21192,-21685,-21577,-21635,-21533,-21617,-21360,-21094,-21265,-21132,-20787,-21132,-21507,-21297,-20875,
1658289047.1042688,A
1658289047.10727,-20750,-21187,-21685,-21576,-21634,-21531,-21618,-21364,-21091,-21264,-21132,-20784,-21127,-21513,-21295,-20876,
1658289047.10727,A
1658289047.1102679,-20749,-21192,-21683,-21577,-21637,-21528,-21621,-21365,-21090,-21271,-21134,-20783,-21130,-21507,-21296,-20876,
1658289047.1102679,A
1658289047.114269,-20751,-21191,-21682,-21580,-21636,-21528,-21625,-21361,-21091,-21272,-21131,-20782,-21132,-21509,-21294,-20876,
1658289047.114269,A
1658289047.1172676,-20748,-21189,-21684,-21575,-21638,-21531,-21617,-21365,-21092,-21265,-21130,-20785,-21130,-21507,-21297,-20877,
1658289047.1172676,A
1658289047.1202676,-20747,-21196,-21684,-21581,-21635,-21535,-21617,-21363,-21091,-21271,-21133,-20787,-21128,-21511,-21299,-20877,
1658289047.1202676,A
1658289047.122265,-20748,-21193,-21686,-21578,-21637,-21528,-21618,-21368,-21090,-21267,-21133,-20785,-21132,-21507,-21294,-20874,
1658289047.1232715,A
1658289047.1272678,-20748,-21191,-21691,-21578,-21640,-21528,-21616,-21360,-21091,-21270,-21134,-20780,-21131,-21512,-21296,-20875,
1658289047.1282682,A
1658289047.1302686,-20747,-21198,-21685,-21580,-21638,-21532,-21619,-21366,-21095,-21270,-21131,-20788,-21126,-21512,-21297,-20875,
1658289047.1302686,A
1658289047.1322668,-20746,-21192,-21683,-21580,-21641,-21532,-21616,-21361,-21092,-21270,-21133,-20788,-21129,-21510,-21300,-20876,
1658289047.1322668,A
1658289047.1352684,-20749,-21189,-21689,-21581,-21636,-21531,-21619,-21365,-21089,-21275,-21137,-20786,-21130,-21512,-21299,-20877,
1658289047.1352684,A
1658289047.138266,-20749,-21189,-21686,-21582,-21638,-21531,-21617,-21364,-21092,-21271,-21128,-20783,-21129,-21509,-21296,-20877,
1658289047.138266,A
1658289047.1412666,-20749,-21192,-21689,-21576,-21639,-21528,-21617,-21365,-21091,-21276,-21130,-20784,-21132,-21510,-21296,-20874,
1658289047.1412666,A
1658289047.144271,-20745,-21194,-21684,-21579,-21641,-21529,-21616,-21364,-21087,-21270,-21130,-20782,-21129,-21508,-21297,-20876,
1658289047.144271,A
1658289047.1462646,-20748,-21193,-21686,-21577,-21639,-21529,-21618,-21363,-21093,-21267,-21130,-20785,-21128,-21507,-21294,-20877,
1658289047.1462646,A
1658289047.149266,-20748,-21193,-21686,-21579,-21642,-21530,-21617,-21360,-21094,-21265,-21133,-20783,-21125,-21513,-21295,-20875,
1658289047.149266,A
1658289047.1512675,-20746,-21190,-21682,-21577,-21635,-21528,-21616,-21360,-21089,-21267,-21129,-20783,-21127,-21504,-21295,-20879,
1658289047.1512675,A
1658289047.1542666,-20747,-21191,-21686,-21576,-21637,-21527,-21618,-21361,-21089,-21265,-21127,-20782,-21131,-21506,-21293,-20873,
1658289047.1542666,A
1658289047.1572642,-20747,-21187,-21683,-21574,-21640,-21529,-21616,-21368,-25255,-18106,-16582,-15559,-15651,-15940,-15623,-15128,
1658289047.1572642,A
1658289047.1602664,-14966,-15469,-16009,-15886,-15943,-15827,-15914,-15619,-15331,-15531,-15392,-14994,-15394,-15805,-15561,-15094,
1658289047.1602664,A
1658289047.1632633,-14950,-15459,-16002,-15873,-15941,-15828,-15907,-15622,-15328,-15534,-15392,-14994,-15399,-15805,-15561,-15095,
1658289047.1632633,A
1658289047.1652668,-14945,-15452,-15994,-15866,-15926,-15818,-15908,-15612,-15329,-15528,-15386,-14994,-15391,-15809,-15561,-15084,
1658289047.1652668,A
1658289047.168269,-14942,-15459,-15997,-15859,-15943,-15832,-15908,-15620,-15316,-15528,-15383,-14984,-15395,-15798,-15551,-15074,
1658289047.168269,A
1658289047.1702683,-14940,-15452,-15989,-15861,-15930,-15819,-15903,-15621,-15318,-15518,-15387,-14985,-15379,-15802,-15547,-15076,
1658289047.1702683,A
1658289047.1722674,-14936,-15444,-15987,-15849,-15927,-15813,-15907,-15608,-15318,-15527,-15376,-14983,-15374,-15799,-15553,-15082,
1658289047.1732683,A
1658289047.1752667,-14946,-15454,-15994,-15863,-15928,-15817,-15905,-15610,-15313,-15518,-15376,-14973,-15379,-15796,-15548,-15085,
1658289047.1752667,A
1658289047.1772685,-14935,-15445,-15979,-15856,-15921,-15818,-15904,-15611,-15315,-15511,-15371,-14983,-15383,-15802,-15553,-15085,
1658289047.1772685,A
1658289047.1792672,-14942,-15448,-15985,-15862,-15928,-15817,-15900,-15606,-15319,-15517,-15364,-14973,-15378,-15787,-15549,-15074,
1658289047.1792672,A
1658289047.181266,-14939,-15448,-15989,-15855,-15926,-15815,-15899,-15612,-15318,-15511,-15378,-14976,-15388,-15797,-15546,-15078,
1658289047.181266,A
1658289047.1842673,-14927,-15447,-15988,-15850,-15929,-15808,-15900,-15606,-15312,-15518,-15371,-14980,-15381,-15794,-15544,-15086,
1658289047.1842673,A
1658289047.1862662,-14934,-15452,-15979,-15856,-15923,-15810,-15901,-15606,-15312,-15511,-15370,-14979,-15371,-15791,-15547,-15075,
1658289047.1862662,A
1658289047.1882646,-14933,-15443,-15987,-15851,-15928,-15812,-15903,-15615,-15314,-15519,-15370,-14978,-15381,-15798,-15541,-15070,
1658289047.1882646,A
1658289047.1902657,-14930,-15446,-15981,-15860,-15921,-15802,-15895,-15603,-15315,-15516,-15370,-14978,-15377,-15797,-15544,-15075,
1658289047.1902657,A
1658289047.1922657,-14932,-15443,-15984,-15851,-15922,-15812,-15895,-15608,-15307,-15511,-15370,-14968,-15372,-15782,-15537,-15068,
1658289047.1932652,A
1658289047.1952646,-14933,-15448,-15978,-15849,-15921,-15808,-15899,-15606,-15309,-15515,-15371,-14973,-15381,-15784,-15548,-15074,
1658289047.1952646,A
1658289047.1972647,-14936,-15444,-15979,-15852,-15917,-15813,-15889,-15602,-15299,-15502,-15368,-14971,-15374,-15787,-15547,-15066,
1658289047.1972647,A
1658289047.2002666,-14931,-15438,-15976,-15848,-15918,-15811,-15892,-15608,-15305,-15505,-15371,-14972,-15376,-15790,-15540,-15077,
1658289047.2002666,A
1658289047.2042677,-14930,-15430,-15976,-15847,-15923,-15802,-15892,-15600,-15305,-15511,-15369,-14972,-15375,-15792,-15538,-15070,
1658289047.2042677,A
1658289047.2072854,-14928,-15443,-15982,-15847,-15918,-15810,-15899,-15599,-15304,-15512,-15358,-14962,-15376,-15788,-15540,-15078,
1658289047.2072854,A
1658289047.210266,-14930,-15445,-15978,-15850,-15919,-15812,-15890,-15603,-15313,-15506,-15370,-14969,-15377,-15788,-15544,-15076,
1658289047.210266,A
1658289047.2132668,-14926,-15434,-15976,-15843,-15907,-15806,-15892,-15600,-15304,-15506,-15359,-14973,-15370,-15794,-15545,-15072,
1658289047.2132668,A
1658289047.2152643,-14932,-15445,-15975,-15847,-15921,-15811,-15897,-15602,-15312,-15507,-15367,-14975,-15370,-15784,-15540,-15070,
1658289047.2152643,A
1658289047.2172868,-14932,-15437,-15982,-15850,-15924,-15812,-15887,-15602,-15308,-15503,-15367,-14963,-15372,-15778,-15541,-15071,
1658289047.2172868,A
1658289047.2192862,-14921,-15435,-15973,-15849,-15914,-15801,-15890,-15593,-15300,-15504,-15360,-14969,-15376,-15781,-15536,-15071,
1658289047.2192862,A
1658289047.2212863,-14925,-15439,-15978,-15845,-15922,-15810,-15890,-15596,-15305,-15506,-15371,-14970,-15374,-15787,-15537,-15061,
1658289047.2212863,A
1658289047.223298,-14927,-15432,-15976,-15848,-15926,-15814,-15899,-15609,-15303,-15511,-15369,-14969,-15372,-15785,-15535,-15072,
1658289047.223298,A
1658289047.2252972,-14931,-15442,-15972,-15849,-15912,-15806,-15892,-15598,-15298,-15505,-15366,-14969,-15370,-15784,-15533,-15070,
1658289047.2262676,A
1658289047.2282908,-14926,-15437,-15977,-15853,-15913,-15808,-15894,-15599,-15305,-15508,-15366,-14966,-15373,-15788,-15540,-15071,
1658289047.2282908,A
1658289047.230288,-14927,-15426,-15974,-15841,-15914,-15807,-15887,-15602,-15302,-15506,-15360,-14969,-15371,-15781,-15539,-15065,
1658289047.230288,A
1658289047.2322738,-14929,-15438,-15978,-15844,-15911,-15803,-15890,-15597,-15302,-15500,-15358,-14966,-15364,-15785,-15529,-15073,
1658289047.2332733,A
1658289047.2352695,-14926,-15435,-15975,-15846,-15917,-15810,-15890,-15606,-15307,-15501,-15363,-14965,-15366,-15784,-15531,-15072,
1658289047.2352695,A
1658289047.2372723,-14925,-15437,-15971,-15847,-15904,-15804,-15891,-15597,-15308,-15504,-15363,-14956,-15365,-15785,-15530,-15069,
1658289047.2372723,A
1658289047.2392714,-14929,-15432,-15973,-15850,-15928,-15811,-15887,-15600,-15299,-15512,-15365,-14972,-15369,-15780,-15536,-15067,
1658289047.2392714,A
1658289047.24127,-14927,-15434,-15975,-15845,-15916,-15811,-15889,-15601,-15303,-15495,-15365,-14969,-15377,-15782,-15535,-15070,
1658289047.24127,A
1658289047.2452724,-14927,-15436,-15976,-15848,-15914,-15805,-15881,-15603,-15298,-15508,-15358,-14971,-15375,-15787,-15535,-15073,
1658289047.2452724,A
1658289047.2482662,-14932,-15441,-15976,-15847,-15908,-15806,-15889,-15603,-15300,-15501,-15364,-14970,-15372,-15786,-15531,-15059,
1658289047.2482662,A
1658289047.2512753,-14926,-15434,-15974,-15843,-15916,-15808,-15882,-15599,-15303,-15505,-15373,-14968,-15372,-15794,-15530,-15068,
1658289047.2512753,A
1658289047.2542677,-14924,-15432,-15970,-15842,-15914,-15807,-15891,-15601,-15301,-15510,-15360,-14973,-15369,-15791,-15538,-15071,
1658289047.2542677,A
1658289047.2562943,-14929,-15442,-15977,-15856,-15921,-15813,-15897,-15604,-15308,-15512,-15361,-14975,-15377,-15784,-15542,-15066,
1658289047.257298,A
1658289047.259266,-14929,-15439,-15974,-15849,-15913,-15798,-15882,-15595,-15304,-15506,-15363,-14968,-15374,-15780,-15528,-15070,
1658289047.2602699,A
1658289047.2642732,-14932,-15441,-15974,-15847,-15920,-15806,-15897,-15600,-15303,-15500,-15361,-14959,-15368,-15776,-15536,-15071,
1658289047.2642732,A
1658289047.2673068,-14930,-15434,-15976,-15846,-15918,-15801,-15886,-15597,-15298,-15501,-15362,-14957,-15370,-15782,-15538,-15071,
1658289047.2673068,A
1658289047.2692661,-14931,-15431,-15973,-15840,-15908,-15794,-15888,-15587,-15298,-15508,-15359,-14965,-15372,-15786,-15538,-15061,
1658289047.2692661,A
1658289047.2712657,-14924,-15433,-15975,-15839,-15917,-15803,-15887,-15602,-15292,-15508,-15362,-14966,-15375,-15777,-15528,-15065,
1658289047.2712657,A
1658289047.2742686,-14924,-15427,-15973,-15848,-15907,-15801,-15888,-15595,-15298,-15504,-15359,-14964,-15373,-15779,-15534,-15066,
1658289047.2742686,A
1658289047.2762666,-14927,-15437,-15969,-15838,-15915,-15805,-15888,-15586,-15299,-15500,-15361,-14968,-15372,-15783,-15534,-15065,
1658289047.2762666,A
1658289047.2792656,-14930,-15428,-15969,-15842,-15908,-15805,-15893,-15602,-15300,-15506,-15357,-14970,-15370,-15783,-15538,-15063,
1658289047.2792656,A
1658289047.2812645,-14922,-15435,-15967,-15846,-15915,-15804,-15891,-15592,-15301,-15500,-15354,-14959,-15373,-15781,-15528,-15067,
1658289047.2812645,A
1658289047.2832649,-14923,-15425,-15966,-15840,-15914,-15799,-15888,-15598,-15298,-15493,-15356,-14956,-15366,-15783,-15538,-15064,
1658289047.2832649,A
1658289047.2852652,-14927,-15435,-15975,-15851,-15919,-15804,-15883,-15594,-15298,-15504,-15357,-14955,-15369,-15780,-15531,-15067,
1658289047.2852652,A
1658289047.2872648,-14925,-15427,-15968,-15835,-15907,-15794,-15884,-15595,-15294,-15500,-15363,-14962,-15373,-15790,-15536,-15072,
1658289047.2872648,A
1658289047.2882645,-14922,-15435,-15970,-15843,-15913,-15802,-15883,-15595,-15292,-15504,-15359,-14957,-15360,-15776,-15528,-15068,
1658289047.2882645,A
1658289047.2902644,-14930,-15434,-15970,-15845,-15913,-15803,-15892,-15596,-15297,-15507,-15360,-14965,-15369,-15780,-15531,-15069,
1658289047.2902644,A
1658289047.2932677,-14928,-15439,-15969,-15839,-15909,-15798,-15884,-15595,-15298,-15502,-15364,-14967,-15366,-15780,-15534,-15066,
1658289047.2932677,A
1658289047.2972662,-14925,-15438,-15969,-15844,-15916,-15803,-15885,-15592,-15298,-15507,-15361,-14960,-15369,-15775,-15524,-15053,
1658289047.2972662,A
1658289047.3002663,-14919,-15425,-15964,-15839,-15908,-15796,-15893,-15591,-15302,-15507,-15358,-14963,-15372,-15784,-15534,-15069,
1658289047.3002663,A
1658289047.3032663,-14929,-15429,-15973,-15840,-15911,-15801,-15888,-15590,-15299,-15504,-15354,-14966,-15368,-15782,-15523,-15068,
1658289047.3032663,A
1658289047.3072662,-14921,-15430,-15972,-15845,-15910,-15798,-15887,-15589,-15297,-15500,-15361,-14962,-15368,-15781,-15536,-15063,
1658289047.3072662,A
1658289047.3102663,-14923,-15432,-15971,-15847,-15909,-15808,-15883,-15596,-15305,-15506,-15356,-14961,-15368,-15784,-15536,-15068,
1658289047.3102663,A
1658289047.3132644,-14917,-15434,-15971,-15839,-15908,-15810,-15887,-15607,-15303,-15507,-15357,-14964,-15369,-15778,-15539,-15071,
1658289047.3132644,A
1658289047.3162642,-14924,-15434,-15974,-15848,-15913,-15806,-15889,-15595,-15300,-15499,-15354,-14953,-15368,-15774,-15533,-15070,
1658289047.3162642,A
1658289047.3192651,-14928,-15435,-15973,-15839,-15913,-15802,-15888,-15599,-15298,-15504,-15351,-14960,-15371,-15778,-15536,-15071,
1658289047.3192651,A
1658289047.3222647,-14926,-15431,-15977,-15847,-15908,-15798,-15888,-15595,-15302,-15501,-15359,-14957,-15363,-15778,-15536,-15062,
1658289047.3222647,A
1658289047.3242726,-14922,-15430,-15965,-15844,-15911,-15805,-15888,-15597,-15298,-15495,-15362,-14961,-15375,-15787,-15537,-15071,
1658289047.3252678,A
1658289047.327266,-14924,-15432,-15969,-15840,-15911,-15796,-15888,-15601,-15298,-15506,-15358,-14958,-15368,-15776,-15528,-15060,
1658289047.327266,A
1658289047.329264,-14923,-15428,-15972,-15844,-15914,-15800,-15893,-15596,-15303,-15509,-15365,-14968,-15371,-15779,-15533,-15064,
1658289047.329264,A
1658289047.3312645,-14928,-15437,-15974,-15846,-15912,-15803,-15885,-15599,-15303,-15503,-15366,-14962,-15368,-15779,-15529,-15070,
1658289047.3312645,A
1658289047.3332644,-14925,-15440,-15980,-15849,-15912,-15802,-15889,-15593,-15300,-15499,-15354,-14962,-15363,-15780,-15528,-15074,
1658289047.3332644,A
1658289047.335266,-14929,-15437,-15975,-15846,-15917,-15800,-15884,-15596,-15303,-15507,-15358,-14962,-15369,-15776,-15530,-15061,
1658289047.335266,A
1658289047.3362641,-14922,-15424,-15963,-15841,-15917,-15800,-15884,-15598,-15295,-15497,-15355,-14959,-15367,-15777,-15532,-15065,
1658289047.3372645,A
1658289047.338264,-14921,-15422,-15974,-15844,-15915,-15804,-15886,-15595,-15298,-15505,-15348,-14962,-15365,-15776,-15535,-15058,
1658289047.338264,A
1658289047.3412666,-14921,-15436,-15972,-15841,-15909,-15798,-15883,-15589,-15293,-15499,-15351,-14963,-15371,-15782,-15534,-15065,
1658289047.3412666,A
1658289047.34327,-14922,-15436,-15967,-15838,-15901,-15797,-15894,-15590,-15301,-15504,-15355,-14960,-15369,-15776,-15529,-15061,
1658289047.34327,A
1658289047.3452673,-14924,-15428,-15969,-15840,-15911,-15800,-15888,-15592,-15301,-15500,-15357,-14959,-15359,-15777,-15526,-15058,
1658289047.3452673,A
1658289047.3472674,-14923,-15435,-15970,-15843,-15910,-15798,-15889,-15593,-15299,-15509,-15354,-14962,-15364,-15770,-15527,-15058,
1658289047.3482676,A
1658289047.3492665,-14925,-15431,-15965,-15841,-15914,-15795,-15877,-15593,-15301,-15500,-15360,-14961,-15369,-15784,-15541,-15072,
1658289047.3502674,A
1658289047.3522687,-14927,-15433,-15967,-15850,-15909,-15805,-15881,-15597,-15300,-15503,-15359,-14954,-15361,-15779,-15527,-15058,
1658289047.3522687,A
1658289047.3542664,-14923,-15429,-15966,-15843,-15910,-15807,-15883,-15592,-15297,-15496,-15357,-14962,-15366,-15776,-15530,-15064,
1658289047.3542664,A
1658289047.357266,-14923,-15428,-15966,-15844,-15915,-15801,-15886,-15591,-15292,-15498,-15358,-14959,-15361,-15780,-15537,-15062,
1658289047.357266,A
1658289047.3602657,-14921,-15426,-15973,-15843,-15906,-15803,-15887,-15595,-15301,-15505,-15361,-14962,-15367,-15785,-15531,-15064,
1658289047.3602657,A
1658289047.362264,-14920,-15425,-15963,-15844,-15908,-15794,-15883,-15590,-15299,-15500,-15356,-14958,-15366,-15779,-15533,-15059,
1658289047.362264,A
1658289047.3642652,-14924,-15432,-15963,-15842,-15912,-15803,-15883,-15595,-15296,-15499,-15352,-14957,-15365,-15780,-15531,-15058,
1658289047.3642652,A
1658289047.3662643,-14918,-15422,-15966,-15842,-15904,-15802,-15884,-15594,-15298,-15501,-15354,-14957,-15370,-15772,-15529,-15067,
1658289047.3662643,A
1658289047.3682644,-14923,-15428,-15969,-15835,-15906,-15798,-15880,-15594,-15294,-15503,-15362,-14956,-15373,-15779,-15524,-15065,
1658289047.3682644,A
1658289047.3702636,-14923,-15426,-15966,-15843,-15913,-15793,-15885,-15593,-15293,-15499,-15356,-14956,-15357,-15772,-15524,-15061,
1658289047.3702636,A
1658289047.3722656,-14918,-15417,-15969,-15835,-15911,-15799,-15883,-15591,-15297,-15497,-15351,-14955,-15368,-15781,-15533,-15069,
1658289047.3722656,A
1658289047.3742707,-14924,-15429,-15966,-15842,-15911,-15805,-15876,-15595,-15295,-15495,-15355,-14964,-15364,-15776,-15530,-15067,
1658289047.3752713,A
1658289047.3772705,-14915,-15434,-15966,-15843,-15913,-15802,-15878,-15592,-15287,-15502,-15353,-14955,-15366,-15774,-15524,-15063,
1658289047.3772705,A
1658289047.3792763,-14915,-15428,-15965,-15840,-15910,-15795,-15887,-15593,-15296,-15502,-15361,-14960,-15367,-15787,-15540,-15060,
1658289047.3792763,A
1658289047.3802686,-14920,-15434,-15975,-15849,-15915,-15801,-15890,-15592,-15291,-15490,-15348,-14958,-15367,-15785,-15536,-15060,
1658289047.381268,A
1658289047.3822682,-14920,-15433,-15976,-15846,-15909,-15797,-15884,-15604,-15298,-15499,-15366,-14964,-15356,-15771,-15536,-15069,
1658289047.3832679,A
1658289047.3842688,-14931,-15425,-15973,-15839,-15902,-15795,-15881,-15598,-15298,-15505,-15359,-14969,-15358,-15771,-15530,-15065,
1658289047.3842688,A
1658289047.387273,-14928,-15435,-15973,-15849,-15906,-15802,-15883,-15596,-15304,-15499,-15361,-14963,-15356,-15761,-15520,-15056,
1658289047.3882673,A
1658289047.3903108,-14920,-15428,-15972,-15839,-15910,-15778,-15872,-15587,-15295,-15493,-15356,-14961,-15373,-15767,-15522,-15065,
1658289047.3903108,A
1658289047.393322,-14926,-15431,-15976,-15847,-15906,-15786,-15877,-15595,-15302,-15500,-15361,-14956,-15369,-15758,-15521,-15059,
1658289047.393322,A
1658289047.3953097,-14928,-15433,-15970,-15847,-15907,-15785,-15877,-15591,-15300,-15507,-15351,-14964,-15371,-15770,-15515,-15060,
1658289047.3953097,A
1658289047.39731,-14923,-15432,-15965,-15842,-15914,-15799,-15866,-15585,-15297,-15504,-15363,-14962,-15374,-15781,-15526,-15054,
1658289047.39731,A
1658289047.3993087,-14918,-15432,-15975,-15847,-15909,-15797,-15879,-15586,-15296,-15493,-15356,-14963,-15372,-15785,-15527,-15063,
1658289047.3993087,A
1658289047.4022686,-14927,-15427,-15965,-15845,-15910,-15802,-15870,-15587,-15296,-15503,-15362,-14967,-15368,-15779,-15526,-15056,
1658289047.4022686,A
1658289047.4282641,-14920,-15425,-15964,-15844,-15906,-15799,-15861,-15587,-15292,-15502,-15353,-14963,-15359,-15774,-15537,-15058,
1658289047.4282641,A
1658289047.480266,-14913,-15435,-15974,-15838,-15911,-15802,-15886,-15591,-15296,-15494,-15355,-14956,-15360,-15781,-15534,-15059,
1658289047.4812663,A
1658289047.5322652,-14919,-15431,-15957,-15839,-15909,-15799,-15887,-15595,-15295,-15500,-15355,-14963,-15366,-15780,-15529,-15061,
1658289047.5322652,A
1658289047.5842693,-14921,-15436,-15963,-15832,-15905,-15792,-15881,-15595,-15292,-15495,-15352,-14953,-15359,-15782,-15528,-15051,
1658289047.5852706,A
1658289047.6372702,-14914,-15431,-15959,-15836,-15901,-15798,-15881,-15594,-15293,-15498,-15357,-14951,-15358,-15778,-15526,-15063,
1658289047.6372702,A
1658289047.6882653,-14921,-15429,-15964,-15840,-15891,-15788,-15874,-15593,-15287,-15495,-15348,-14956,-15359,-15779,-15526,-15062,
1658289047.6882653,A
1658289047.7402768,-14917,-15427,-15941,-15823,-15900,-15786,-15886,-15595,-15287,-15500,-15349,-14957,-15370,-15775,-15532,-15060,
1658289047.7402768,A
1658289047.7934976,-14920,-15431,-15945,-15820,-15903,-15796,-15884,-15593,-15292,-15492,-15357,-14967,-15361,-15781,-15521,-15062,
1658289047.7934976,A
1658289047.8444965,-14917,-15434,-15952,-15827,-15903,-15802,-15884,-15599,-15301,-15502,-15357,-14959,-15370,-15775,-15534,-15066,
1658289047.8454955,A
1658289047.8972003,-14925,-15429,-15955,-15832,-15910,-15801,-15884,-15585,-15294,-15496,-15356,-14959,-15365,-15781,-15533,-15065,
1658289047.8972003,A
1658289047.9487884,-14923,-15427,-15972,-15842,-15909,-15801,-15883,-15590,-15297,-15500,-15356,-14962,-15369,-15781,-15526,-15058,
1658289047.9487884,A
1658289048.0008256,-14912,-15423,-15949,-15832,-15906,-15796,-15888,-15597,-15293,-15502,-15352,-14960,-15369,-15772,-15531,-15068,
1658289048.0008256,A
1658289048.052789,-14925,-15427,-15970,-15838,-15914,-15800,-15878,-15593,-15296,-15496,-15355,-14957,-15358,-15771,-15535,-15064,
1658289048.052789,A
1658289048.1047878,-14924,-15430,-15957,-15836,-15913,-15795,-15883,-15589,-15296,-15498,-15352,-14956,-15362,-15777,-15528,-15056,
1658289048.1047878,A
1658289048.1567912,-14916,-15428,-15945,-15820,-15902,-15790,-15876,-15591,-15287,-15497,-15358,-14956,-15366,-15771,-15531,-15056,
1658289048.1567912,A
1658289048.2087877,-14922,-15421,-15940,-15823,-15901,-15795,-15880,-15588,-15290,-15491,-15350,-14954,-15354,-15773,-15519,-15050,
1658289048.2087877,A
1658289048.260787,-14915,-15424,-15939,-15826,-15900,-15792,-15881,-15586,-15294,-15492,-15355,-14954,-15360,-15772,-15529,-15059,
1658289048.260787,A
1658289048.3135512,-14918,-15431,-15942,-15823,-15899,-15786,-15874,-15594,-15291,-15492,-15352,-14959,-15363,-15779,-15536,-15062,
1658289048.3135512,A
1658289048.3645527,-14922,-15434,-15963,-15835,-15903,-15792,-15874,-15591,-15289,-15499,-15353,-14951,-15358,-15776,-15526,-15054,
1658289048.3655517,A
1658289048.417551,-14908,-15424,-15970,-15836,-15905,-15799,-15879,-15587,-15297,-15494,-15349,-14953,-15358,-15775,-15525,-15063,
1658289048.417551,A
1658289048.4688313,-14920,-15424,-15958,-15832,-15908,-15793,-15880,-15582,-15283,-15488,-15353,-14951,-15357,-15776,-15529,-15066,
1658289048.4688313,A
1658289048.5210032,-14919,-15425,-15968,-15837,-15905,-15796,-15884,-15590,-15297,-15493,-15346,-14962,-15361,-15773,-15524,-15053,
1658289048.5210032,A
1658289048.5740082,-14911,-15416,-15937,-15831,-15902,-15799,-15881,-15593,-15294,-15497,-15341,-14955,-15357,-15773,-15519,-15059,
1658289048.5740082,A
1658289048.625005,-14922,-15429,-15959,-15838,-15909,-15796,-15886,-15601,-15297,-15500,-15350,-14955,-15362,-15779,-15536,-15062,
1658289048.625005,A
1658289048.6770058,-14926,-15427,-15957,-15837,-15908,-15796,-15879,-15591,-15285,-15497,-15349,-14961,-15357,-15775,-15523,-15057,
1658289048.6770058,A
1658289048.729003,-14923,-15425,-15951,-15820,-15898,-15788,-15879,-15590,-15288,-15492,-15351,-14955,-15357,-15772,-15516,-15064,
1658289048.729003,A
1658289048.7810547,-14921,-15430,-15941,-15822,-15894,-15786,-15872,-15586,-15286,-15501,-15350,-14952,-15359,-15771,-15527,-15059,
1658289048.7810547,A
1658289048.8329847,-14918,-15422,-15947,-15826,-15905,-15798,-15880,-15592,-15290,-15495,-15346,-14957,-15360,-15777,-15528,-15057,
1658289048.8329847,A
1658289048.8859832,-14909,-15423,-15968,-15841,-15911,-15794,-15878,-15589,-15289,-15496,-15348,-14959,-15364,-15776,-15526,-15064,
1658289048.8859832,A
1658289048.9370658,-14914,-15429,-15948,-15822,-15902,-15790,-15878,-15591,-15288,-15490,-15346,-14951,-15359,-15766,-15527,-15052,
1658289048.9370658,A
1658289048.9900584,-14913,-15424,-15936,-15820,-15905,-15789,-15876,-15591,-15285,-15491,-15352,-14951,-15357,-15778,-15515,-15054,
1658289048.9900584,A
1658289049.0410519,-14910,-15424,-15942,-15820,-15901,-15790,-15870,-15585,-15283,-15490,-15349,-14952,-15358,-15770,-15525,-15057,
1658289049.0410519,A
1658289049.0930574,-14912,-15419,-15945,-15820,-15901,-15792,-15877,-15586,-15287,-15490,-15348,-14953,-15360,-15774,-15527,-15058,
1658289049.0940304,A
1658289049.145047,-14914,-15422,-15932,-15812,-15896,-15790,-15880,-15582,-15294,-15491,-15346,-14952,-15361,-15774,-15524,-15064,
1658289049.1460361,A
1658289049.1970456,-14914,-15426,-15947,-15825,-15901,-15790,-15875,-15588,-15285,-15492,-15344,-14944,-15361,-15770,-15524,-15054,
1658289049.1979797,A
1658289049.2500389,-14913,-15421,-15958,-15838,-15905,-15794,-15879,-15580,-15286,-15490,-15345,-14960,-15356,-15768,-15521,-15063,
1658289049.2500389,A
1658289049.3014941,-14913,-15421,-15943,-15820,-15891,-15790,-15867,-15581,-15294,-15491,-15349,-14950,-15356,-15768,-15522,-15061,
1658289049.3014941,A
1658289049.353493,-14921,-15419,-15970,-15834,-15887,-15781,-15871,-15587,-15290,-15492,-15351,-14955,-15359,-15767,-15520,-15059,
1658289049.353493,A
1658289049.4058118,-14911,-15427,-15946,-15826,-15901,-15791,-15877,-15584,-15297,-15493,-15341,-14957,-15362,-15781,-15522,-15058,
1658289049.4058118,A
1658289049.4578469,-14911,-15422,-15938,-15828,-15902,-15793,-15877,-15577,-15285,-15495,-15344,-14951,-15361,-15762,-15527,-15057,
1658289049.4578469,A
1658289049.50978,-14912,-15424,-15948,-15825,-15901,-15786,-15879,-15587,-15285,-15492,-15341,-14954,-15363,-15771,-15520,-15053,
1658289049.50978,A
1658289049.561839,-14909,-15419,-15943,-15809,-15895,-15788,-15875,-15584,-15282,-15490,-15348,-14950,-15354,-15774,-15528,-15060,
1658289049.561839,A
1658289049.613497,-14915,-15417,-15936,-15812,-15892,-15786,-15876,-15589,-15289,-15482,-15346,-14947,-15354,-15767,-15527,-15052,
1658289049.613497,A
1658289049.665576,-14913,-15418,-15936,-15822,-15891,-15790,-15871,-15582,-15289,-15494,-15343,-14954,-15360,-15773,-15523,-15050,
1658289049.666527,A
1658289049.7174995,-14913,-15419,-15950,-15828,-15899,-15796,-15876,-15586,-15286,-15493,-15350,-14951,-15355,-15769,-15526,-15052,
1658289049.7174995,A
1658289049.7705312,-14908,-15424,-15942,-15823,-15905,-15786,-15872,-15578,-15284,-15487,-15338,-14946,-15352,-15766,-15523,-15054,
1658289049.7705312,A
1658289049.8225121,-14912,-15424,-15959,-15836,-15891,-15783,-15869,-15585,-15287,-15492,-15346,-14949,-15356,-15770,-15516,-15053,
1658289049.8225121,A
1658289049.874499,-14915,-15420,-15942,-15816,-15890,-15787,-15874,-15586,-15293,-15487,-15340,-14952,-15351,-15775,-15526,-15054,
1658289049.874499,A
1658289049.9257,-14913,-15424,-15940,-15825,-15898,-15792,-15874,-15586,-15294,-15496,-15353,-14949,-15361,-15770,-15530,-15059,
1658289049.9257,A
1658289049.9776986,-14915,-15427,-15952,-15828,-15902,-15792,-15874,-15588,-15295,-15493,-15351,-14958,-15362,-15773,-15522,-15057,
1658289049.9787374,A
1658289050.0303268,-14917,-15426,-15943,-15819,-15897,-15788,-15869,-15583,-15286,-15493,-15355,-14957,-15359,-15778,-15523,-15058,
1658289050.0303268,A
1658289050.0822647,-14916,-15424,-15946,-15830,-15901,-15782,-15877,-15589,-15288,-15492,-15346,-14959,-15356,-15772,-15521,-15051,
1658289050.0822647,A
1658289050.134308,-14902,-15418,-15939,-15813,-15898,-15789,-15877,-15582,-15287,-15490,-15349,-14950,-15359,-15768,-15521,-15054,
1658289050.134308,A
1658289050.1863263,-14910,-15420,-15963,-15830,-15904,-15793,-15871,-15586,-15290,-15489,-15348,-14954,-15364,-15771,-15526,-15059,
1658289050.1863263,A
1658289050.2387295,-14917,-15425,-15938,-15818,-15891,-15789,-15873,-15591,-15287,-15490,-15345,-14952,-15354,-15768,-15521,-15050,
1658289050.2387295,A
1658289050.2906566,-14918,-15421,-15952,-15830,-15882,-15770,-15872,-15577,-15289,-15480,-15345,-14951,-15364,-15771,-15520,-15056,
1658289050.2906566,A
1658289050.342176,-14911,-15425,-15944,-15817,-15892,-15793,-15879,-15590,-15291,-15492,-15347,-14953,-15353,-15766,-15522,-15049,
1658289050.342176,A
1658289050.394174,-14917,-15417,-15953,-15823,-15898,-15785,-15876,-15590,-15284,-15486,-15352,-14953,-15359,-15774,-15528,-15052,
1658289050.394174,A
1658289050.4462488,-14914,-15426,-15935,-15817,-15890,-15787,-15868,-15581,-15287,-15488,-15350,-14952,-15356,-15775,-15514,-15052,
1658289050.4462488,A
1658289050.5001748,-14909,-15423,-15940,-15821,-15898,-15791,-15872,-15576,-15284,-15484,-15346,-14951,-15351,-15766,-15515,-15052,
1658289050.5001748,A
1658289050.5502374,-14900,-15419,-15929,-15816,-15897,-15796,-15873,-15583,-15291,-15492,-15350,-14952,-15364,-15768,-15526,-15056,
1658289050.5502374,A
1658289050.6021762,-14908,-15425,-15941,-15823,-15894,-15794,-15869,-15583,-15277,-15488,-15341,-14946,-15357,-15769,-15513,-15046,
1658289050.6021762,A
1658289050.6546907,-14905,-15415,-15962,-15831,-15902,-15785,-15868,-15580,-15289,-15493,-15341,-14952,-15355,-15769,-15525,-15053,
1658289050.6546907,A
1658289050.7067163,-14906,-15413,-15934,-15812,-15900,-15792,-15877,-15584,-15290,-15490,-15348,-14952,-15360,-15773,-15525,-15053,
1658289050.7067163,A
1658289050.7587051,-14915,-15419,-15962,-15835,-15885,-15781,-15872,-15585,-15289,-15487,-15334,-14945,-15354,-15772,-15520,-15055,
1658289050.7587051,A
1658289050.810697,-14914,-15418,-15933,-15820,-15891,-15785,-15873,-15583,-15289,-15484,-15350,-14945,-15356,-15768,-15514,-15053,
1658289050.810697,A
1658289050.8626926,-14908,-15424,-15936,-15817,-15896,-15790,-15877,-15590,-15295,-15488,-15346,-14948,-15359,-15768,-15521,-15060,
1658289050.8626926,A
1658289050.914695,-14922,-15423,-15946,-15820,-15896,-15783,-15870,-15578,-15286,-15492,-15349,-14950,-15357,-15764,-15525,-15052,
1658289050.914695,A
1658289050.9666948,-14918,-15423,-15945,-15820,-15895,-15794,-15878,-15582,-15292,-15490,-15340,-14952,-15355,-15771,-15524,-15053,
1658289050.9666948,A
1658289051.0186956,-14913,-15424,-15944,-15816,-15900,-15787,-15876,-15578,-15283,-15496,-15349,-14949,-15355,-15769,-15522,-15057,
1658289051.0186956,A
1658289051.070737,-14919,-15421,-15936,-15824,-15899,-15791,-15883,-15584,-15291,-15492,-15343,-14952,-15358,-15773,-15521,-15053,
1658289051.0717373,A
1658289051.1227355,-14911,-15420,-15960,-15831,-15904,-15793,-15879,-15590,-15291,-15497,-15352,-14955,-15357,-15768,-15525,-15057,
1658289051.1227355,A
1658289051.1747377,-14912,-15417,-15945,-15818,-15897,-15791,-15876,-15584,-15286,-15490,-15352,-14946,-15351,-15775,-15528,-15058,
1658289051.1747377,A
1658289051.226739,-14909,-15425,-15966,-15832,-15887,-15790,-15872,-15586,-15282,-15494,-15352,-14954,-15360,-15766,-15525,-15051,
1658289051.226739,A
1658289051.2786756,-14917,-15416,-15945,-15824,-15897,-15791,-15868,-15589,-15292,-15498,-15350,-14953,-15355,-15779,-15530,-15056,
1658289051.2786756,A
1658289051.3306718,-14910,-15422,-15932,-15819,-15895,-15794,-15874,-15589,-15290,-15493,-15340,-14958,-15357,-15775,-15521,-15063,
1658289051.3306718,A
1658289051.3826735,-14916,-15423,-15963,-15839,-15908,-15798,-15881,-15590,-15294,-15499,-15343,-14955,-15363,-15779,-15530,-15058,
1658289051.3826735,A
1658289051.4346716,-14919,-15425,-15932,-15815,-15898,-15783,-15881,-15588,-15289,-15496,-15351,-14957,-15363,-15774,-15529,-15057,
1658289051.4346716,A
1658289051.486675,-14919,-15429,-15967,-15836,-15908,-15791,-15883,-15585,-15290,-15488,-15346,-14958,-15359,-15768,-15522,-15056,
1658289051.486675,A
1658289051.5396736,-14913,-15424,-15937,-15823,-15900,-15789,-15876,-15582,-15291,-15490,-15343,-14951,-15352,-15763,-15527,-15056,
1658289051.5396736,A
1658289051.5916712,-14914,-15415,-15942,-15813,-15900,-15790,-15868,-15585,-15287,-15485,-15346,-14952,-15358,-15767,-15522,-15049,
1658289051.5916712,A
1658289051.6426888,-14914,-15421,-15948,-15824,-15899,-15791,-15874,-15585,-15285,-15488,-15346,-14950,-15356,-15772,-15522,-15046,
1658289051.6426888,A
1658289051.6956894,-14905,-15416,-15935,-15823,-15888,-15790,-15873,-15582,-15283,-15488,-15352,-14947,-15348,-15769,-15522,-15058,
1658289051.6956894,A
1658289051.746798,-14912,-15420,-15939,-15820,-15893,-15784,-15873,-15581,-15285,-15480,-15347,-14951,-15359,-15767,-15518,-15053,
1658289051.746798,A
1658289051.7987785,-14908,-15412,-15943,-15814,-15895,-15791,-15876,-15583,-15284,-15484,-15352,-14956,-15362,-15768,-15520,-15048,
1658289051.7987785,A
1658289051.8508594,-14909,-15414,-15954,-15823,-15896,-15785,-15871,-15578,-15282,-15491,-15349,-14950,-15357,-15768,-15521,-15054,
1658289051.8508594,A
1658289051.9028566,-14914,-15417,-15950,-15825,-15895,-15786,-15875,-15582,-15293,-15493,-15347,-14946,-15350,-15766,-15523,-15048,
1658289051.9028566,A
1658289051.9548583,-14916,-15423,-15964,-15832,-15902,-15793,-15873,-15583,-15284,-15490,-15350,-14955,-15352,-15767,-15520,-15050,
1658289051.9548583,A
1658289052.0068579,-14915,-15423,-15946,-15822,-15891,-15781,-15875,-15582,-15277,-15492,-15346,-14950,-15357,-15771,-15524,-15050,
1658289052.0068579,A
1658289052.0605884,-14915,-15417,-15950,-15824,-15896,-15789,-15872,-15572,-15291,-15493,-15346,-14961,-15362,-15770,-15524,-15051,
1658289052.0605884,A
1658289052.1115875,-14914,-15425,-15947,-15823,-15899,-15788,-15875,-15581,-15280,-15492,-15350,-14955,-15357,-15771,-15522,-15053,
1658289052.1125877,A
1658289052.1635866,-14905,-15423,-15946,-15824,-15900,-15784,-15873,-15576,-15290,-15497,-15347,-14954,-15356,-15771,-15529,-15046,
1658289052.1635866,A
1658289052.2153058,-14908,-15423,-15947,-15827,-15894,-15790,-15872,-15588,-15291,-15494,-15355,-14950,-15359,-15766,-15525,-15053,
1658289052.2153058,A
