UTC:,2022-07-08 05:03:31.203810
Isrc:,21
time [s],data [mV]:
1657256611.2058058,425,30,2236,2870,3983,3983,3983,3983,3983,3983,3983,3983,3983,3983,3983,3980,
1657256611.2058058,A
1657256611.2058058,426,30,2226,3983,3983,3983,3983,2885,3983,3983,3983,2878,3983,2886,3984,3981,
1657256611.2058058,A
1657256611.20685,426,30,2235,3983,3186,2876,3984,3179,3984,3984,3984,3984,3985,3984,3984,3981,
1657256611.20685,A
1657256611.2078197,426,30,2235,3984,3984,3984,3984,3985,3985,3984,3984,3985,3985,2854,3985,3982,
1657256611.2078197,A
1657256611.2088177,426,30,2242,3984,3984,3985,3985,3985,3985,3984,3985,3985,3985,3985,3985,2908,
1657256611.2088177,A
1657256611.2098207,426,30,2237,3984,3984,3985,2854,3985,2912,3985,2867,3985,3985,2854,3985,3982,
1657256611.2098207,A
1657256611.210821,426,30,2245,3984,2863,3984,2854,3985,3985,3985,3985,2906,3985,2919,3985,2912,
1657256611.210821,A
1657256611.2118201,426,30,2228,2877,3985,2862,3985,3985,2846,3985,3985,3985,3985,3985,3985,3982,
1657256611.2118201,A
1657256611.2118201,426,30,2227,3206,3985,3985,2912,3985,2912,3985,2914,3985,3985,2903,3985,3982,
1657256611.212815,A
1657256611.212815,426,30,2237,3984,2915,2852,3985,3985,3985,3985,3985,3985,2906,3985,2843,3982,
1657256611.212815,A
1657256611.2138119,426,30,2235,3984,3985,3985,3985,2906,2854,3985,2853,3985,2913,3985,2912,3982,
1657256611.2138119,A
1657256611.214811,426,30,2235,3984,3985,2902,3985,3985,3985,3985,3985,3985,3985,3985,3985,3982,
1657256611.214811,A
1657256611.2158074,426,30,2235,3984,3985,3985,3985,3985,3985,3985,3985,3985,3985,3985,3985,3982,
1657256611.2158074,A
1657256611.2158074,426,30,2227,3984,2844,3985,2902,2862,3985,3985,2846,3985,2845,3985,2849,2850,
1657256611.2158074,A
1657256611.216804,426,30,2228,3984,3985,2912,2852,3985,3985,3985,3985,3985,2916,2856,3985,3982,
1657256611.216804,A
1657256611.2178006,426,30,2238,2927,2861,3985,3985,2902,2854,3985,3985,3985,3985,3985,2854,3982,
1657256611.2178006,A
1657256611.2187703,426,30,2240,3984,2844,3985,3985,3985,3985,3985,2905,2905,3985,3985,3985,3982,
1657256611.2187703,A
1657256611.2187703,426,30,2227,2937,2852,3985,3985,3985,3985,3985,2902,2853,2864,3985,3985,3982,
1657256611.2187703,A
1657256611.220766,426,30,2237,2884,3985,2912,3985,3985,3985,3985,3985,3985,3985,3985,3985,3982,
1657256611.220766,A
1657256611.220766,426,30,2225,3984,3985,2844,3985,2902,2854,3985,3985,3985,3985,3985,3985,3982,
1657256611.220766,A
1657256611.2217927,426,30,2243,3984,3985,3985,2912,3985,3985,2902,2863,3985,3985,3985,3985,3982,
1657256611.2217927,A
1657256611.2227912,426,30,2237,3984,3985,2905,3985,3985,3985,3985,2912,2894,3985,2903,3985,3982,
1657256611.2227912,A
1657256611.2237854,426,30,2257,3984,3985,2905,3985,3985,3985,3985,3985,3985,3985,3985,3985,3982,
1657256611.2237854,A
1657256611.2237854,426,30,2228,3984,3985,3985,3985,3985,3985,3985,3985,3985,3985,3985,3985,3982,
1657256611.2237854,A
1657256611.2247844,426,30,2229,3984,3985,3985,2854,2853,3985,3985,2853,3985,3985,3985,3985,3982,
1657256611.2247844,A
1657256611.2257798,426,30,2236,3984,2854,3985,3985,3985,3985,3985,2912,3985,3985,3985,3985,2899,
1657256611.2257798,A
1657256611.2267778,426,30,2245,3984,2914,3985,3985,3985,3985,3985,2912,2837,3985,2904,2864,3982,
1657256611.2267778,A
1657256611.2267778,426,30,2235,3985,3985,3985,2912,2844,2863,2853,3985,3985,3985,3985,3985,3982,
1657256611.2267778,A
1657256611.2277782,426,30,2235,3984,3985,2845,2862,3985,3985,3985,2912,2895,3985,3985,3985,3982,
1657256611.2277782,A
1657256611.228772,426,30,2235,3984,2902,2864,2852,3985,3985,3985,2844,2907,3985,3985,3985,3982,
1657256611.228772,A
1657256611.2297697,426,30,2238,3984,2903,3985,3985,3985,3985,3985,3985,3985,3985,3985,3985,3982,
1657256611.2297697,A
1657256611.2307703,426,30,2236,2878,3985,2919,2852,3985,3985,3985,3985,3985,3985,3985,3985,3982,
1657256611.2307703,A
1657256611.2307703,426,30,2238,3985,2861,3985,3985,3985,3985,3985,2854,3985,3985,3985,2854,2902,
1657256611.2307703,A
1657256611.2317643,426,30,2236,3984,2854,3985,3985,3985,3985,3985,3985,3985,3985,3985,3985,3982,
1657256611.2317643,A
1657256611.2327626,426,30,2234,3984,3985,2855,2865,2863,3985,3985,3985,3985,3985,2913,3985,3982,
1657256611.2327626,A
1657256611.233763,426,30,2225,2884,3985,2913,3985,2849,3985,3985,3985,3985,3985,3985,3985,3982,
1657256611.233763,A
1657256611.233763,426,30,2236,3984,3985,2903,2864,3985,2912,2904,3985,3985,3985,3985,3985,3982,
1657256611.233763,A
1657256611.234758,426,30,2245,3985,3985,3985,3985,3985,3985,3985,3985,3985,3985,3985,2913,3982,
1657256611.234758,A
1657256611.2357557,426,30,2248,3984,3985,3985,3985,3985,3985,3985,3985,3985,3985,3985,3985,3982,
1657256611.2357557,A
1657256611.2367225,426,30,2228,2880,3985,3985,3985,3985,3985,3985,3985,3985,2845,2854,3985,2842,
1657256611.2367225,A
1657256611.2377477,426,30,2229,3984,3985,2902,2864,3985,3985,3985,3985,3985,2913,2901,2864,2841,
1657256611.2377477,A
1657256611.2377477,426,30,2237,3984,2912,3985,3985,3985,3985,3985,3985,3985,3985,3985,3985,3982,
1657256611.2377477,A
1657256611.238745,426,30,2243,3984,3985,2903,3985,3985,3985,3985,3985,3985,3985,3985,3985,3982,
1657256611.238745,A
1657256611.2397442,426,30,2235,3985,2912,3985,3985,2916,2904,3985,2844,3985,3985,2855,3985,3982,
1657256611.2397442,A
1657256611.240741,426,30,2220,3985,3985,3985,3985,3985,3985,3985,3985,3985,3986,3985,3985,3982,
1657256611.240741,A
1657256611.240741,426,30,2228,2942,2900,3985,2905,3985,3985,3985,3985,3985,3985,3985,3985,3982,
1657256611.2417417,A
1657256611.2417417,426,30,2236,3984,3985,2915,3985,3985,3985,3985,3985,3985,3985,3985,3985,3982,
1657256611.2417417,A
1657256611.242735,426,30,2238,3985,3985,2910,3985,3985,3985,3985,3985,3985,3985,3985,3985,3982,
1657256611.242735,A
1657256611.2437346,426,30,2248,3985,2860,3985,2914,3985,3985,3985,3985,3985,3985,3985,2913,2897,
1657256611.2437346,A
1657256611.2447314,426,30,2237,3984,3985,3985,3985,3985,3985,3985,3985,3985,3985,3985,3985,3982,
1657256611.2447314,A
1657256611.2447314,426,30,2240,3984,3985,3985,3985,3985,3985,3985,2864,2897,2862,3985,3985,3982,
1657256611.2447314,A
1657256611.2457273,426,30,2225,3984,3985,3985,3985,3985,3985,3985,3985,3985,3985,3985,2903,3982,
1657256611.2457273,A
1657256611.2467275,426,30,2226,3984,2908,3985,2902,3985,3985,3985,3985,3985,3985,3985,3985,3982,
1657256611.2467275,A
1657256611.2477212,426,30,2237,3984,3985,3985,3985,3985,3985,3985,3985,3985,3985,3985,2913,2899,
1657256611.2477212,A
1657256611.2477212,426,30,2244,3984,3985,3985,3985,3985,3985,3985,3985,3985,3985,3985,3985,3982,
1657256611.2477212,A
1657256611.2487197,426,30,2235,3984,3985,2861,2852,2855,3985,3985,2844,3985,3985,3985,3985,3982,
1657256611.2487197,A
1657256611.249715,426,30,2229,3984,2906,2862,2854,3985,3985,3985,3985,3985,3985,3985,3985,3982,
1657256611.249715,A
1657256611.2507133,426,30,2226,3985,3985,2909,2854,3985,3985,3985,3985,3985,3985,3985,3985,3982,
1657256611.2507133,A
1657256611.2507133,426,30,2229,3984,2902,3985,2909,3985,3985,3985,3985,2906,3985,3985,3985,3982,
1657256611.2507133,A
1657256611.2526796,426,30,2243,3984,3985,2906,2863,2853,3985,3985,2911,3985,3985,3985,3985,3982,
1657256611.2526796,A
1657256611.253677,426,30,2237,2867,3985,3985,3985,3985,3985,3985,3985,3985,3985,2913,2905,3982,
1657256611.253677,A
1657256611.253677,426,30,2228,3984,3985,2913,3985,2918,2844,3985,2901,2916,3985,3985,3985,3982,
1657256611.253677,A
1657256611.254674,426,30,2232,3984,2902,3985,2902,2853,2863,3985,3985,3985,3985,3985,3985,3982,
1657256611.254674,A
1657256611.2556713,426,30,2245,3984,2854,3985,3985,3985,3985,3985,3985,3985,3985,3985,3985,3982,
1657256611.2556713,A
1657256611.2566686,426,30,2227,3984,3985,3985,3985,3985,3985,3985,2902,2847,3985,3985,3985,3982,
1657256611.2566686,A
1657256611.257666,426,30,2226,3984,2902,2862,3985,3985,3985,3985,3985,3985,3985,3985,3985,3982,
1657256611.257666,A
1657256611.257666,426,30,2238,3984,3985,3985,3985,3985,3985,3985,3985,3985,3985,3985,3985,3982,
1657256611.257666,A
1657256611.2586634,426,30,2225,3984,3985,2915,2904,3985,3985,3985,3985,3985,3985,3985,3985,3982,
1657256611.2586634,A
1657256611.2596607,426,30,2219,3984,3985,2912,3985,3985,3985,3985,3985,3985,3985,3985,3985,3982,
1657256611.2596607,A
1657256611.2606583,426,30,2229,3984,3985,2854,3985,3985,3985,3985,3985,3985,3985,3985,3985,3982,
1657256611.2606583,A
1657256611.2616553,426,30,2235,3984,3985,3985,3985,3985,3985,3985,3985,3985,3985,3985,3985,3982,
1657256611.2616553,A
1657256611.2616553,426,30,2238,3984,2854,3985,2911,3985,3985,3985,2912,3985,3985,3985,3985,3982,
1657256611.2616553,A
1657256611.2626526,426,30,2227,3985,3985,3985,3985,3985,3985,3985,3985,3985,3985,3985,3985,3982,
1657256611.2626526,A
1657256611.26365,426,30,2217,2912,3985,3985,3985,2912,2914,2904,3985,3985,3985,3985,3985,3982,
1657256611.26365,A
1657256611.2646475,426,30,2228,3984,3985,2906,3985,2902,2911,2903,3985,3985,2857,3985,2907,3982,
1657256611.2646475,A
1657256611.2646475,426,30,2235,2872,3985,3985,3985,3985,3985,3985,3985,3985,3985,3985,3985,3982,
1657256611.2646475,A
1657256611.2656446,426,30,2237,3984,2916,3985,3985,3985,3985,3985,3985,3985,3985,3985,3985,3982,
1657256611.2656446,A
1657256611.2666419,426,30,2238,3984,2911,2852,3985,2904,3985,3985,3985,3985,3985,3985,3985,3982,
1657256611.2666419,A
1657256611.2676394,426,30,2238,2933,2851,3985,3985,2912,3985,3985,3985,3985,3985,3985,2915,3982,
1657256611.2676394,A
1657256611.2686367,426,30,2228,3984,3985,3985,2845,3985,3985,3985,3985,3985,3985,2912,3985,2899,
1657256611.2686367,A
1657256611.269634,426,30,2237,3198,2914,3985,2912,3985,3985,3985,2912,2897,3985,3985,2913,2901,
1657256611.269634,A
1657256611.2706313,426,30,2236,3984,2912,3985,3985,3985,3985,3985,2902,3985,3985,3985,3985,3982,
1657256611.2706313,A
1657256611.271643,426,30,2225,3984,2902,3985,3985,3985,3985,3985,2849,3985,3985,3985,3985,3982,
1657256611.271643,A
1657256611.2726262,426,30,2228,3984,2912,3985,3985,2903,3985,3985,3985,3985,3985,2909,3985,3982,
1657256611.2726262,A
1657256611.2726262,426,30,2237,3984,3985,3985,3985,2844,2908,3985,2847,2907,3985,3985,3985,3982,
1657256611.2726262,A
1657256611.2736232,426,30,2246,3984,3985,2902,3985,3985,3985,3985,2912,2902,2863,3985,3985,3982,
1657256611.2736232,A
1657256611.2746208,426,30,2239,3984,3985,2912,3985,3985,3985,3985,2905,2904,2845,3985,2908,3982,
1657256611.2746208,A
1657256611.275618,426,30,2228,3984,3985,2912,2853,3985,3985,3985,2902,2847,3985,3985,3985,3982,
1657256611.275618,A
1657256611.2766154,426,30,2237,3198,2913,3985,2855,3985,3985,3985,3985,3985,3985,3985,2914,3982,
1657256611.2766154,A
1657256611.2766154,426,30,2236,3984,2855,3985,3985,3985,3985,3985,2915,3985,3985,3985,3985,3982,
1657256611.2766154,A
1657256611.2776124,426,30,2235,3984,2912,3985,3985,3985,3985,3985,3985,3985,3985,3985,3985,3982,
1657256611.2776124,A
1657256611.27861,426,30,2242,3984,3985,3985,3985,3985,3985,3985,3985,3985,3985,3985,2854,3982,
1657256611.27861,A
1657256611.2796073,426,30,2238,2867,3985,2905,2862,3985,3985,2912,3985,3985,3985,3985,3985,3982,
1657256611.2796073,A
1657256611.2806046,426,30,2229,3984,3985,3985,3985,2912,3985,3985,3985,3985,3985,3985,3985,3982,
1657256611.2806046,A
1657256611.2806046,426,30,2228,3984,3985,2902,2913,3985,3985,3985,2913,3985,3985,3985,3985,3982,
1657256611.2806046,A
1657256611.2816021,426,30,2238,3984,3985,2845,2863,3985,3985,3985,3985,3985,2913,3985,3985,3982,
1657256611.2816021,A
1657256611.2825994,426,30,2227,3984,3985,2912,3985,3985,3985,3985,2905,2904,3985,3985,3985,3982,
1657256611.2825994,A
1657256611.2835965,426,30,2226,3984,3985,2912,3985,3985,3985,3985,3985,3985,3985,3985,3985,3982,
1657256611.2835965,A
1657256611.284594,426,30,2235,3984,2855,3985,3985,3985,3985,3985,3985,3985,2914,3985,3985,3982,
1657256611.284594,A
1657256611.284594,426,30,2239,3984,2902,3985,3985,3985,3985,3985,3985,3985,3985,3985,3985,3982,
1657256611.284594,A
1657256611.2855918,426,30,2227,3984,3985,2915,3985,2911,3985,3985,3985,3985,3985,3985,3985,3982,
1657256611.2855918,A
1657256611.2865887,426,30,2240,3984,2854,3985,3985,3985,3985,3985,3985,3985,2913,3985,2912,3982,
1657256611.2865887,A
1657256611.287586,426,30,2246,3984,2844,3985,3985,3985,3985,2903,3985,3985,3985,3985,3985,3982,
1657256611.287586,A
1657256611.2885835,426,30,2243,3984,3985,3985,3985,3985,3985,3985,3985,3985,3985,3985,3985,3982,
1657256611.2885835,A
1657256611.2885835,426,30,2233,3984,2901,3985,3985,2854,3985,3985,3985,3985,3985,3985,3985,3982,
1657256611.2895808,A
1657256611.2895808,426,30,2233,3984,3985,3985,3985,3985,3985,3985,2854,2854,3985,3985,3985,3982,
1657256611.2895808,A
1657256611.290578,426,30,2227,3984,3985,2844,3985,3985,3985,3985,3985,3985,3985,3985,3985,3982,
1657256611.290578,A
1657256611.2915752,426,30,2220,3984,2918,3985,2911,3985,3985,3985,2915,3985,2855,3985,2915,3982,
1657256611.2915752,A
1657256611.2925727,426,30,2237,3985,2855,3985,3985,3985,3985,3985,3985,3985,3985,3985,3985,3982,
1657256611.2925727,A
1657256611.2935708,426,30,2238,2882,2862,3985,2845,3985,3985,2912,3985,3985,3985,3985,2906,3982,
1657256611.2935708,A
1657256611.2945685,426,30,2246,3984,3985,3985,3985,3985,3985,3985,3985,3985,3985,3985,2846,3982,
1657256611.2945685,A
1657256611.2955935,426,30,2238,3984,3985,2915,3985,3985,3985,3985,3985,3985,2904,2863,3985,3982,
1657256611.2955935,A
1657256611.2955935,426,30,2237,3199,3985,2909,3985,3985,3985,3985,3985,3985,3985,3985,2913,3982,
1657256611.2955935,A
1657256611.2965622,426,30,2236,2873,3985,3985,2914,3985,3985,3985,2901,3985,3985,3985,3985,2910,
1657256611.2965622,A
1657256611.297561,426,30,2225,3984,2905,3985,2902,3985,3985,3985,3985,3985,3985,3985,3985,3982,
1657256611.297561,A
1657256611.2985587,426,30,2231,2933,3985,2855,3985,3985,3985,3985,3985,3985,3985,3985,3985,3982,
1657256611.2985587,A
1657256611.2995553,426,30,2228,3984,3985,3985,3985,2914,2853,3985,3985,3985,3985,3985,3985,3982,
1657256611.2995553,A
1657256611.2995553,426,30,2247,3984,3985,3985,3985,3985,3985,3985,2854,3985,3985,2906,2863,3982,
1657256611.2995553,A
1657256611.3005779,426,30,2228,2872,3985,2907,3985,2910,3985,3985,3985,3985,3985,3985,2854,2849,
1657256611.3005779,A
1657256611.3015883,426,30,2246,3984,3985,2844,3985,3985,3985,3985,3985,3985,3985,3985,2906,2911,
1657256611.3015883,A
1657256611.3025837,426,30,2226,3984,2844,3985,3985,2912,2844,2863,3985,3985,3985,3985,3985,3982,
1657256611.3025837,A
1657256611.303573,426,30,2233,3984,3985,3985,3985,3985,3985,3985,2853,3985,2913,3985,2912,2900,
1657256611.303573,A
1657256611.303573,426,30,2242,3984,3985,2905,3985,2913,3985,3985,3985,3985,3985,3985,3985,3982,
1657256611.303573,A
1657256611.304542,426,30,2222,3984,2916,3985,3985,2902,2914,3985,2854,3985,3985,3985,3985,3982,
1657256611.304542,A
1657256611.305567,426,30,2238,2869,3985,2856,3985,2841,3985,3985,3985,3985,3985,3985,3985,3982,
1657256611.305567,A
1657256611.306564,426,30,2239,3984,2863,3985,2911,3985,3985,3985,2911,3985,3985,3985,2912,3982,
1657256611.306564,A
1657256611.3075635,426,30,2246,3984,3985,2916,2852,2870,3985,3985,3985,3985,3985,3985,3985,3982,
1657256611.3075635,A
1657256611.3075635,426,30,2241,3984,3985,3985,2914,3985,3985,3985,3985,3985,3985,3985,3985,3982,
1657256611.3075635,A
1657256611.3085587,426,30,2233,3984,2902,3985,3985,3985,3985,3985,3985,3985,3985,3985,2903,3982,
1657256611.3085587,A
1657256611.309556,426,30,2232,2877,3985,3985,3985,3985,3985,3985,2916,2897,3985,3985,2854,2840,
1657256611.309556,A
1657256611.3105555,426,30,2235,3984,2912,3985,3985,2913,3985,3985,2854,3985,3985,3985,3985,3982,
1657256611.3105555,A
1657256611.311556,426,30,2231,3985,3985,2855,3985,3985,3985,3985,3985,3985,3985,3985,3985,3982,
1657256611.311556,A
1657256611.311556,426,30,2228,2934,3985,2898,3985,2857,2853,3985,2844,3985,3985,3985,2844,3982,
1657256611.311556,A
1657256611.3125486,426,30,2228,3984,2909,2862,3985,2912,3985,3985,3985,3985,3985,3985,2903,3982,
1657256611.3125486,A
1657256611.3135498,426,30,2238,3984,2915,3985,2912,3985,3985,2904,3985,3985,3985,3985,3985,3982,
1657256611.3135498,A
1657256611.314544,426,30,2242,3984,2915,3985,2921,3985,3985,3985,2913,3985,2846,3985,2845,3982,
1657256611.314544,A
1657256611.3155396,426,30,2227,3984,2902,3985,3985,3985,3985,3985,3985,3985,3985,2914,2844,3982,
1657256611.3155396,A
1657256611.3155396,426,30,2226,3206,2843,3985,2855,3985,3985,3985,3985,3985,3985,3985,3985,3982,
1657256611.3155396,A
1657256611.3165376,426,30,2235,3984,3985,2903,3985,3985,3985,3985,2914,3985,3985,3985,3985,3982,
1657256611.3165376,A
1657256611.3175356,426,30,2241,3984,3985,2845,3985,2902,2915,3985,3985,3985,2914,3985,2912,3982,
1657256611.3175356,A
1657256611.3185346,426,30,2246,3984,3985,2904,2903,3985,3985,3985,3985,3985,3985,3985,3985,3982,
1657256611.3185346,A
1657256611.3195305,426,30,2230,3984,3985,2915,2853,3985,3985,3985,2847,3985,3985,3985,3985,3982,
1657256611.3195305,A
1657256611.3195305,426,30,2235,2880,2851,3985,3985,2918,3985,3985,3985,3985,3985,3985,2845,3982,
1657256611.3195305,A
1657256611.3205273,426,30,2238,2883,3985,3985,3985,3985,3985,3985,2899,3985,3985,3985,2920,3982,
1657256611.3205273,A
1657256611.3214962,426,30,2236,2873,3985,2911,2863,3985,3985,3985,2911,2857,2863,2865,3985,3982,
1657256611.3214962,A
1657256611.3224936,426,30,2234,3984,3985,2845,3985,2902,2914,3985,2915,3985,3985,3985,2914,3982,
1657256611.3224936,A
1657256611.323518,426,30,2236,2875,3985,3985,3985,3985,3985,3985,2915,2904,3985,3985,2854,3982,
1657256611.323518,A
1657256611.323518,426,30,2230,3984,2903,3985,2850,3985,3985,3985,3985,3985,3985,3985,3985,3982,
1657256611.323518,A
1657256611.324513,426,30,2228,3984,2844,3985,3985,3985,3985,3985,2912,3985,2913,3985,3985,2899,
1657256611.324513,A
1657256611.3255131,426,30,2239,3198,2916,3985,2912,3985,3985,3985,2913,3985,3985,3985,3985,3982,
1657256611.3255131,A
1657256611.3265126,426,30,2238,3984,2901,3985,2844,2869,2844,3985,3985,2914,3985,3985,2906,3982,
1657256611.3265126,A
1657256611.3265126,426,30,2229,3984,3985,2915,3985,2912,3985,3985,2898,3985,2918,3985,2911,2851,
1657256611.327508,A
1657256611.327508,426,30,2233,3984,2902,3985,3985,2915,3985,3985,2902,3985,2846,3985,2902,3982,
1657256611.327508,A
1657256611.3285055,426,30,2224,3984,2914,3985,2906,3985,3985,3985,3985,3985,3985,2913,2856,3982,
1657256611.3285055,A
1657256611.329507,426,30,2233,3984,2844,3985,2902,3985,2902,3985,3985,3985,2846,3985,2902,3982,
1657256611.329507,A
1657256611.3305,426,30,2238,3984,2912,3985,2916,2852,3985,2902,2919,3985,2857,3985,2923,2840,
1657256611.3305,A
1657256611.3305,426,30,2246,3984,3985,2845,3985,2913,2853,2860,3985,3985,3985,3985,2912,3982,
1657256611.3305,A
1657256611.3314996,426,30,2239,3984,2856,3985,3985,3985,3985,3985,3985,3985,3985,2903,2858,3982,
1657256611.3314996,A
1657256611.3324661,426,30,2235,3984,3985,2856,2853,3985,2845,2864,2853,3985,3985,3985,2903,2863,
1657256611.3324661,A
1657256611.3334975,426,30,2227,3984,3985,3985,2848,3985,3985,3985,3985,3985,3985,3985,3985,3982,
1657256611.3334975,A
1657256611.334489,426,30,2243,3984,3985,3985,3985,3985,3985,3985,2912,3985,3985,2911,3985,3982,
1657256611.334489,A
1657256611.334489,426,30,2235,3984,2902,3985,2912,2853,2865,3985,3985,3985,2920,2845,3985,3982,
1657256611.334489,A
1657256611.3354862,426,30,2236,3984,3985,3985,3985,3985,3985,3985,2912,3985,3985,3985,2845,3982,
1657256611.3354862,A
1657256611.3364863,426,30,2245,3984,3985,3985,3985,3985,3985,3985,2859,3985,2914,3985,2862,2899,
1657256611.3364863,A
1657256611.3374856,426,30,2239,3984,3985,2912,3985,3985,3985,3985,2912,2855,2863,2860,3985,3982,
1657256611.3374856,A
1657256611.3384511,426,30,2238,3984,2911,3985,3985,3985,3985,3985,2854,3985,3985,3985,3985,3982,
1657256611.3384511,A
1657256611.3394783,426,30,2227,2937,3985,2915,3985,2856,3985,3985,2902,3985,3985,2916,2854,3982,
1657256611.3394783,A
1657256611.3394783,426,30,2227,3984,2902,3985,2902,3985,3985,3985,3985,3985,3985,3985,3985,3982,
1657256611.3394783,A
1657256611.3404734,426,30,2226,3984,3985,2915,3985,2855,3985,3985,3985,3985,3985,3985,2903,3982,
1657256611.3404734,A
1657256611.3414702,426,30,2232,3984,2905,2862,3985,3985,3985,3985,3985,3985,3985,2913,3985,3982,
1657256611.3414702,A
1657256611.3424697,426,30,2232,2877,3985,3985,2845,3985,3985,3985,3985,3985,3985,3985,3985,3982,
1657256611.3424697,A
1657256611.3424697,426,30,2238,2927,3985,2902,3985,3985,3985,3985,3985,3985,3985,3985,2919,3982,
1657256611.3434653,A
1657256611.3434653,426,30,2246,3984,3985,2905,3985,2912,3985,3985,2902,3985,2845,2866,3985,3982,
1657256611.3434653,A
1657256611.3444667,426,30,2228,2933,2851,3985,3985,3985,3985,3985,2902,3985,2901,3985,2913,3982,
1657256611.3444667,A
1657256611.3454595,426,30,2237,3198,3985,3985,3985,3985,3985,3985,2912,2857,3985,3985,3985,3982,
1657256611.3454595,A
1657256611.3464568,426,30,2236,3984,3985,3985,2913,2911,3985,3985,3985,3985,3985,3985,2860,2849,
1657256611.3464568,A
1657256611.3464568,426,30,2236,3984,3985,3985,3985,3985,3985,3985,3985,3985,3985,3985,3985,3982,
1657256611.3464568,A
1657256611.3474548,426,30,2226,3984,2902,3985,2905,3985,3985,3985,2844,2864,3985,3985,3985,3982,
1657256611.3474548,A
1657256611.3484235,426,30,2226,2937,2852,3985,3985,3985,3985,3985,2854,3985,3985,3985,2903,2910,
1657256611.3484235,A
1657256611.3494205,426,30,2229,3984,2845,3985,2844,3985,3985,3985,3985,2906,3985,3985,3985,3982,
1657256611.3494205,A
1657256611.3504179,426,30,2223,2901,3985,3985,3985,3985,3985,3985,3985,3985,3985,2916,2854,3982,
1657256611.3504179,A
1657256611.3514154,426,30,2228,2877,3985,3985,3985,3985,3985,3985,2905,2854,3985,2912,3985,3982,
1657256611.3514154,A
1657256611.3514154,426,30,2228,3984,2902,3985,3985,3985,3985,2912,3985,3985,3985,3985,3985,3982,
1657256611.3514154,A
1657256611.3524127,426,30,2233,3201,3985,2845,2863,3985,3985,3985,3985,3985,3985,3985,3985,3982,
1657256611.3524127,A
1657256611.3534098,426,30,2238,2885,3985,3985,3985,3985,3985,3985,2902,3985,3985,3985,2916,2841,
1657256611.3534098,A
1657256611.3544073,426,30,2236,3984,2912,3985,3985,2902,2913,3985,3985,3985,3985,3985,2913,3982,
1657256611.3544073,A
1657256611.3554046,426,30,2239,3984,3985,3985,3985,2854,3985,3985,2912,3985,2913,3985,3985,3982,
1657256611.3554046,A
1657256611.3554046,426,30,2239,3984,2855,3985,3985,3985,3985,3985,3985,3985,2917,2853,2861,2850,
1657256611.3554046,A
1657256611.356402,426,30,2223,3984,2917,3985,3985,2903,3985,3985,3985,3985,3985,3985,3985,3982,
1657256611.356402,A
1657256611.3573992,426,30,2234,3984,2915,3985,2855,2863,3985,3985,3985,3985,2913,3985,2856,3982,
1657256611.3573992,A
1657256611.3583965,426,30,2238,3984,2923,2852,3985,2902,2913,3985,3985,3985,2913,2905,3985,3982,
1657256611.3583965,A
1657256611.3593938,426,30,2227,2932,3985,3985,2915,2853,2863,3985,3985,3985,3985,3985,2857,3982,
1657256611.3593938,A
1657256611.3593938,426,30,2246,3984,3985,3985,3985,3985,3985,3985,3985,3985,2904,3985,3985,3982,
1657256611.3593938,A
1657256611.3603911,426,30,2236,3984,3985,2916,3985,3985,3985,3985,3985,3985,2917,2853,3985,2897,
1657256611.3603911,A
1657256611.3613884,426,30,2230,3984,2897,2852,3985,2902,2854,3985,3985,3985,3985,3985,2854,3982,
1657256611.3613884,A
1657256611.362386,426,30,2246,3984,3985,3985,3985,2845,3985,3985,3985,3985,3985,3985,3985,3982,
1657256611.362386,A
1657256611.3633833,426,30,2235,3984,2903,3985,2909,2863,3985,3985,2902,2864,3985,3985,2845,3982,
1657256611.3633833,A
1657256611.3633833,426,30,2228,3984,2844,3985,3985,2915,2844,3985,2914,3985,2912,3985,3985,2899,
1657256611.3633833,A
1657256611.3643806,426,30,2238,3984,3985,3985,3985,3985,3985,3985,2912,3985,3985,3985,3985,3982,
1657256611.3643806,A
1657256611.365378,426,30,2233,3984,3985,2908,3985,2913,3985,3985,3985,3985,3985,3985,3985,3982,
1657256611.365378,A
1657256611.3663752,426,30,2250,2876,3985,3985,2925,3985,3985,3985,3985,3985,3985,3985,2903,3982,
1657256611.3663752,A
1657256611.3673725,426,30,2226,3984,3985,2865,2852,3985,3985,3985,2844,3985,2846,3985,3985,2907,
1657256611.3673725,A
1657256611.3673725,426,30,2224,3984,3985,3985,3985,2855,2860,3985,2904,2907,2853,3985,3985,3982,
1657256611.3683698,A
1657256611.3683698,426,30,2237,3984,2902,3985,2845,3985,3985,3985,2902,3985,2846,2914,2853,3982,
1657256611.3683698,A
1657256611.3693674,426,30,2244,3984,3985,2845,3985,3985,3985,3985,2912,3985,3985,3985,2912,3982,
1657256611.3693674,A
1657256611.3703644,426,30,2238,2868,3985,2916,3985,3985,3985,3985,2844,2863,3985,2912,3985,3982,
1657256611.3703644,A
1657256611.3713617,426,30,2235,3984,2909,3985,2905,2863,2864,3985,3985,3985,2846,3985,2905,3982,
1657256611.3713617,A
1657256611.3723593,426,30,2243,3984,2845,3985,2845,2873,2853,3985,2844,3985,3985,3985,2845,3982,
1657256611.3723593,A
1657256611.3723593,426,30,2232,3984,2907,3985,2916,3985,3985,3985,3985,3985,2904,2864,2854,3982,
1657256611.3723593,A
1657256611.3733566,426,30,2226,3984,2845,3985,2902,3985,3985,2868,3985,3985,2907,3985,2905,3982,
1657256611.3733566,A
1657256611.374354,426,30,2227,3984,2844,3985,3985,2902,3985,3985,3985,3985,2913,2853,3985,2897,
1657256611.374354,A
1657256611.3753512,426,30,2239,3984,2855,3985,3985,2913,3985,3985,3985,3985,3985,3985,2903,3982,
1657256611.3753512,A
1657256611.3763485,426,30,2234,3984,2846,3985,2909,2863,3985,3985,3985,3985,3985,3985,2845,3982,
1657256611.3763485,A
1657256611.3763485,426,30,2228,2873,3985,2898,2853,3985,3985,2919,3985,3985,2903,3985,3985,3982,
1657256611.3763485,A
1657256611.3773458,426,30,2227,3984,3985,3985,3985,3985,3985,3985,2845,3985,3985,3985,2906,3982,
1657256611.3773458,A
1657256611.378343,426,30,2236,3984,2912,3985,3985,3985,3985,3985,2915,3985,3985,3985,3985,3982,
1657256611.378343,A
1657256611.3793406,426,30,2240,3984,2912,3985,3985,2902,3985,3985,3985,3985,2905,3985,2902,2909,
1657256611.3793406,A
1657256611.380338,426,30,2233,3984,2905,3985,3985,3985,3985,3985,3985,3985,3985,3985,2906,2850,
1657256611.380338,A
1657256611.380338,426,30,2229,3984,3985,3985,3985,3985,3985,3985,2914,3985,2918,2853,3985,3982,
1657256611.380338,A
1657256611.3813353,426,30,2239,3984,2914,3985,2915,3985,3985,3985,2912,3985,3985,3985,2845,3982,
1657256611.3813353,A
1657256611.3823323,426,30,2233,2883,3985,3985,3985,3985,3985,3985,3985,3985,3985,3985,2903,3982,
1657256611.3823323,A
1657256611.3833299,426,30,2227,3984,2844,3985,2912,3985,3985,3985,3985,3985,3985,3985,2845,3982,
1657256611.3833299,A
1657256611.3843272,426,30,2227,3984,2910,3985,2904,2910,3985,3985,3985,3985,3985,2914,3985,3982,
1657256611.3843272,A
1657256611.3843272,426,30,2236,3984,3985,3985,2913,3985,3985,2903,2863,3985,3985,3985,3985,3982,
1657256611.3843272,A
1657256611.3853245,426,30,2239,3984,2913,2852,3985,2902,3985,2912,3985,3985,3985,3985,2865,2840,
1657256611.3853245,A
1657256611.386322,426,30,2236,3984,2912,3985,3985,3985,3985,3985,3985,3985,2914,3985,2854,3982,
1657256611.386322,A
1657256611.387319,426,30,2245,2872,3985,3985,3985,3985,3985,3985,2845,3985,3985,2912,3985,3982,
1657256611.387319,A
1657256611.3883164,426,30,2229,2880,3985,3985,2845,3985,2902,3985,3985,3985,3985,3985,3985,2904,
1657256611.3883164,A
1657256611.3883164,426,30,2241,3984,2912,3985,3985,3985,3985,3985,3985,3985,2915,2904,3985,2850,
1657256611.3883164,A
1657256611.3893137,426,30,2237,3984,3985,2853,3985,3985,3985,2907,3985,3985,3985,3985,3985,3982,
1657256611.3893137,A
1657256611.3903112,426,30,2236,3984,3985,3985,3985,3985,3985,3985,2913,3985,3985,3985,3985,3982,
1657256611.3903112,A
1657256611.3913085,426,30,2226,3984,2902,3985,2902,3985,3985,3985,3985,3985,3985,3985,2845,3982,
1657256611.3913085,A
1657256611.3923059,426,30,2228,3984,3985,2855,3985,2845,3985,3985,3985,3985,3985,3985,3985,3982,
1657256611.3923059,A
1657256611.3933032,426,30,2226,2884,3985,2914,2852,3985,3985,2918,2853,3985,3985,3985,2845,2850,
1657256611.3933032,A
1657256611.3933032,426,30,2239,3984,2853,3985,2906,3985,3985,3985,3985,2906,2853,2863,3985,3982,
1657256611.3933032,A
1657256611.3943005,426,30,2229,3984,3985,3985,2845,3985,3985,3985,2844,2904,3985,3985,2912,3982,
1657256611.3943005,A
1657256611.3952978,426,30,2247,3984,3985,2905,3985,3985,3985,2903,3985,2896,3985,3985,3985,3982,
1657256611.3952978,A
1657256611.396295,426,30,2244,2868,3985,2910,3985,2845,3985,3985,3985,3985,3985,2854,3985,3982,
1657256611.396295,A
1657256611.3972926,426,30,2236,2873,3985,3985,3985,2845,3985,3985,3985,3985,2924,2845,3985,2898,
1657256611.3972926,A
1657256611.3972926,426,30,2243,3984,2855,3985,2912,3985,3985,3985,3985,3985,3985,3985,2913,3982,
1657256611.3972926,A
1657256611.39829,426,30,2236,2872,3985,3985,3985,3985,3985,2912,3985,2838,3985,2903,2872,3982,
1657256611.39829,A
1657256611.399287,426,30,2244,3984,2912,3985,3985,3985,3985,3985,2915,3985,2913,3985,2854,3982,
1657256611.399287,A
1657256611.4002848,426,30,2236,3984,2844,3985,3985,3985,3985,3985,3985,3985,3985,3985,2903,3982,
1657256611.4002848,A
1657256611.4012818,426,30,2236,3984,3985,2915,3985,2915,3985,3985,3985,3985,3985,2914,2844,3982,
1657256611.4012818,A
1657256611.4012818,426,30,2235,2878,3985,3985,2904,2863,2853,2913,3985,3985,3985,2913,3985,3982,
1657256611.4012818,A
1657256611.4022791,426,30,2227,3984,3985,2915,3985,3985,2912,3985,3985,3985,3985,3985,3985,3982,
1657256611.4022791,A
1657256611.4032764,426,30,2236,3984,2911,3985,2915,3985,3985,3985,2912,3985,2909,2914,3985,3982,
1657256611.4032764,A
1657256611.404274,426,30,2232,3984,3985,2855,3985,2856,2853,3985,2904,2912,2853,2864,3985,3982,
1657256611.404274,A
1657256611.405271,426,30,2226,3984,2902,2862,3985,2845,3985,3985,2852,3985,3985,2913,3985,2858,
1657256611.405271,A
1657256611.405271,426,30,2234,3984,2902,3985,2905,3985,3985,3985,2844,3985,3985,3985,2903,3982,
1657256611.405271,A
1657256611.4062684,426,30,2236,2878,3985,2912,3985,3985,3985,3985,2902,3985,3985,3985,3985,3982,
1657256611.4062684,A
1657256611.407266,426,30,2229,3984,2902,3985,3985,3985,3985,3985,3985,3985,3985,3985,2854,3982,
1657256611.407266,A
1657256611.4082632,426,30,2238,2867,3985,3985,3985,2845,3985,3985,2917,3985,3985,3985,3985,3982,
1657256611.4082632,A
1657256611.4092605,426,30,2237,2928,3985,3985,2845,3985,3985,3985,2902,2863,3985,3985,2903,2908,
1657256611.4092605,A
1657256611.4092605,426,30,2227,3984,3985,2915,3985,3985,3985,2912,3985,3985,2902,2854,3985,3982,
1657256611.4092605,A
1657256611.4112554,426,30,2235,3984,3985,3985,3985,3985,3985,3985,3985,3985,2856,3985,2912,3982,
1657256611.4112554,A
1657256611.4112554,426,30,2243,3984,3985,2906,2863,3985,3985,3985,3985,3985,3985,3985,2917,2899,
1657256611.4112554,A
1657256611.4122527,426,30,2237,3984,2915,3985,3985,3985,3985,3985,3985,3985,2914,2858,2863,3982,
1657256611.4122527,A
1657256611.4132497,426,30,2229,3984,2902,3985,2845,3985,3985,3985,2905,3985,3985,3985,3985,3982,
1657256611.4132497,A
1657256611.4142473,426,30,2229,2936,2852,3985,2902,2863,2853,3985,3985,3985,3985,3985,2903,3982,
1657256611.4142473,A
1657256611.4152443,426,30,2228,3984,2905,3985,2845,3985,3985,3985,2846,3985,2903,2863,3985,2860,
1657256611.4152443,A
1657256611.4152443,426,30,2229,3984,3985,3985,3985,2913,3985,3985,2905,3985,3985,2915,3985,2912,
1657256611.4152443,A
1657256611.416242,426,30,2233,2877,3985,2915,3985,3985,3985,3985,2844,3985,2906,3985,2915,3982,
1657256611.416242,A
1657256611.4172392,426,30,2243,2867,3985,2845,3985,2845,3985,2902,3985,3985,2913,3985,3985,3982,
1657256611.4172392,A
1657256611.4182365,426,30,2243,3984,2912,2852,3985,2912,3985,2915,3985,3985,2846,3985,3985,3982,
1657256611.4182365,A
1657256611.419234,426,30,2246,3984,2905,3985,3985,2915,2853,3985,3985,3985,2846,3985,3985,3982,
1657256611.419234,A
1657256611.420231,426,30,2229,2880,3985,2911,3985,3985,3985,3985,3985,2848,3985,3985,3985,3982,
1657256611.420231,A
1657256611.420231,426,30,2239,2882,3985,2915,3984,3985,3985,3985,2905,3985,3985,2912,3985,3982,
1657256611.420231,A
1657256611.4212286,426,30,2235,2891,3985,3985,2845,3985,2902,2863,3985,2905,3985,3985,2909,3982,
1657256611.4212286,A
1657256611.422226,426,30,2236,3984,3985,3985,2903,3985,2902,2913,3985,2905,3985,2914,3985,3982,
1657256611.422226,A
1657256611.4232233,426,30,2226,3984,3985,3985,3985,2915,3985,3985,3985,3985,2856,3985,2905,3982,
1657256611.4232233,A
1657256611.4242203,426,30,2227,3206,2863,3985,3985,3985,2902,3985,3985,3985,2904,3985,2902,3982,
1657256611.4242203,A
1657256611.4242203,426,30,2236,2862,3984,3985,2845,3985,2902,2863,3985,2906,3985,3985,3985,3982,
1657256611.4242203,A
1657256611.4252179,426,30,2239,3984,2903,3985,3985,2912,3985,3985,3985,3985,3985,3985,2916,2899,
1657256611.4252179,A
1657256611.4262152,426,30,2246,3984,2855,3985,2912,3985,3985,3985,2915,2897,3985,2845,3985,2849,
1657256611.4262152,A
1657256611.4272125,426,30,2248,3984,2910,3985,3985,2915,2904,3985,2904,2864,3985,3985,3985,3982,
1657256611.4272125,A
1657256611.42821,426,30,2228,3984,3985,3985,3985,3985,3985,3985,3985,3985,2904,2855,3985,3982,
1657256611.42821,A
1657256611.42821,426,30,2239,3984,3985,3985,2858,3985,3985,3985,3985,2906,3985,3985,3985,2909,
1657256611.429207,A
1657256611.429207,426,30,2226,3984,2902,3985,3985,2914,3985,3985,3985,2896,3985,2846,3985,3982,
1657256611.429207,A
1657256611.4302044,426,30,2237,3984,3985,3985,3985,3985,3985,2844,3985,3985,3985,2906,3985,3982,
1657256611.4302044,A
1657256611.4312017,426,30,2233,3984,2911,3985,3985,2853,3985,2845,3985,3985,2913,3985,3985,2897,
1657256611.4312017,A
1657256611.4321992,426,30,2246,3984,2857,3985,2922,3985,2900,3985,2911,3985,3985,2845,3985,3982,
1657256611.4321992,A
1657256611.4321992,426,30,2236,3984,2905,3984,2902,2863,3985,2912,3985,2848,3985,3985,3985,3982,
1657256611.4321992,A
1657256611.4331965,426,30,2229,3984,2911,3985,2904,3985,3985,3985,3985,3985,3985,3985,3985,3982,
1657256611.4331965,A
1657256611.4341938,426,30,2245,3984,2854,3985,3985,3985,3985,3985,3985,3985,3985,3985,2913,3982,
1657256611.4341938,A
1657256611.4351912,426,30,2223,3984,2920,3985,2924,3985,3985,2902,3985,3985,3985,3985,2913,3982,
1657256611.4351912,A
1657256611.4361885,426,30,2236,2874,3984,2916,3985,2897,2904,3985,3985,2838,3985,3985,3985,3982,
1657256611.4361885,A
1657256611.4361885,426,30,2236,3984,2919,3985,2854,3985,2866,3985,3985,2896,2863,3985,2854,3982,
1657256611.4361885,A
1657256611.4371858,426,30,2244,2867,3984,2916,3985,3985,3985,2917,3985,2848,3985,2855,3985,3982,
1657256611.4371858,A
1657256611.438183,426,30,2236,3984,2846,3985,3985,3985,3985,3985,3985,2907,3985,3985,2854,3982,
1657256611.438183,A
1657256611.4391806,426,30,2239,3984,3985,3985,3985,3985,3985,3985,2912,3985,3985,2906,3985,2898,
1657256611.4391806,A
1657256611.440178,426,30,2239,3984,2922,3985,3985,2845,2862,2863,3985,2848,3985,3985,2902,3982,
1657256611.440178,A
1657256611.440178,426,30,2228,3984,2845,3985,2845,3985,3985,3985,3985,3985,2907,3985,2905,3982,
1657256611.440178,A
1657256611.4411752,426,30,2233,2878,3985,3985,2914,3985,2904,2863,3985,3985,2903,3985,3985,3982,
1657256611.4411752,A
1657256611.4421725,426,30,2226,3984,3985,3985,3985,2857,3985,2849,3985,3985,2856,3985,2915,3982,
1657256611.4421725,A
1657256611.4431698,426,30,2236,3984,2859,3985,3985,3985,3985,3985,2855,3985,2856,3985,2915,2840,
1657256611.4431698,A
1657256611.4441671,426,30,2237,3984,2902,3985,3985,3985,2912,3985,3985,3985,2916,3985,2854,2840,
1657256611.4441671,A
1657256611.4451644,426,30,2244,3984,2855,3985,3985,2902,2916,3985,3985,3985,3985,2913,3985,3982,
1657256611.4451644,A
1657256611.4451644,426,30,2238,3984,3985,2852,3985,2903,3985,2913,3985,3985,2856,3985,2855,3982,
1657256611.4451644,A
1657256611.446162,426,30,2247,2872,3985,2853,2863,3985,3985,2912,3985,2905,2848,3984,2914,2901,
1657256611.446162,A
1657256611.4471593,426,30,2238,3984,2911,2853,3985,3985,2912,3985,3985,3985,2856,3985,3985,3982,
1657256611.4471593,A
1657256611.4481564,426,30,2224,3984,3985,2906,3985,2845,3985,3985,2923,2854,3985,3985,2855,2841,
1657256611.4481564,A
1657256611.449154,426,30,2236,3984,2912,3985,3985,3985,3985,2912,3985,2897,3985,3985,2902,2850,
1657256611.449154,A
1657256611.449154,426,30,2226,3984,2850,3985,2846,3985,2911,2863,3985,3985,3985,3985,3985,2908,
1657256611.449154,A
1657256611.4501512,426,30,2234,3984,2845,3984,3985,3985,3985,3985,2905,2871,3985,2917,3985,2906,
1657256611.4501512,A
1657256611.4511485,426,30,2240,3984,2902,3985,2851,3985,2903,2914,2865,3985,2847,3985,2840,3982,
1657256611.4511485,A
1657256611.4521458,426,30,2229,3984,2845,3985,3985,2856,3985,2921,2853,3985,2846,2872,3985,3982,
1657256611.4521458,A
1657256611.4531431,426,30,2229,3984,2910,3985,3985,2915,3985,3985,2922,3985,2850,3985,2906,2852,
1657256611.4531431,A
1657256611.4531431,426,30,2219,3984,3985,2915,3985,2919,3985,3985,2905,3985,3985,2919,3985,3982,
1657256611.4531431,A
1657256611.4541404,426,30,2226,3984,2915,3985,2918,3985,3985,3985,3985,3985,3985,3985,2928,3982,
1657256611.4541404,A
1657256611.4551377,426,30,2242,3984,2912,3985,2855,3985,3985,2914,3985,2838,3985,2901,3985,3982,
1657256611.4551377,A
1657256611.4561353,426,30,2226,3984,2908,2863,3985,3985,3985,3985,3985,2907,3985,2912,3985,3982,
1657256611.4561353,A
1657256611.4571326,426,30,2228,2876,3985,3985,2915,3985,3985,3985,3985,3985,2904,3985,3985,3982,
1657256611.4571326,A
1657256611.4571326,426,30,2238,3984,3985,3985,2907,2862,3985,2912,3985,3985,2901,3985,3985,2907,
1657256611.4571326,A
1657256611.45813,426,30,2229,3984,3985,2918,3985,2855,3985,3985,2844,3985,2903,3985,2902,2854,
1657256611.45813,A
1657256611.4591272,426,30,2229,3984,2907,3985,3985,2903,3985,2912,3985,3985,3985,2915,3985,2860,
1657256611.4591272,A
1657256611.4601245,426,30,2227,3984,2905,3984,2905,3985,2845,3985,2904,3985,2906,3985,3985,2924,
1657256611.4601245,A
1657256611.4611218,426,30,2237,3984,2902,3985,2905,3985,3985,2855,3985,2905,3985,2912,3985,2908,
1657256611.4611218,A
1657256611.4611218,426,30,2226,3984,2905,3985,3985,2855,3985,3985,2911,3985,3985,3985,3985,3982,
1657256611.4611218,A
1657256611.462119,426,30,2226,3984,3985,2855,2853,3985,3985,2915,3985,3985,2911,3985,3985,3982,
1657256611.462119,A
1657256611.4631166,426,30,2228,2936,3985,3985,3985,3985,3985,3985,2854,3985,2916,3985,2855,3982,
1657256611.4631166,A
1657256611.464114,426,30,2239,2872,3984,3985,2918,3985,3985,3985,3985,3985,2913,3985,3985,3982,
1657256611.464114,A
1657256611.464114,426,30,2239,3984,3985,2906,3985,2845,3985,2906,3985,3985,3985,3985,2855,3982,
1657256611.464114,A
1657256611.465111,426,30,2238,2867,3985,3985,2855,3985,3985,3985,2845,3985,3985,2912,3985,2909,
1657256611.465111,A
1657256611.4661083,426,30,2227,3984,3985,3985,2903,3985,2905,2864,3985,2911,3985,2858,3985,2868,
1657256611.4661083,A
1657256611.4671059,426,30,2226,3984,2855,3985,2915,3985,3985,2845,3985,3985,2913,3985,3985,3982,
1657256611.4671059,A
1657256611.4681032,426,30,2236,3984,2912,3985,2912,3985,2914,3984,3985,2897,3985,2911,3985,3982,
1657256611.4681032,A
1657256611.4681032,426,30,2236,2867,3985,3985,2915,3985,3985,3985,2854,3985,2922,3985,2916,2840,
1657256611.4681032,A
1657256611.4691005,426,30,2228,3984,2912,3985,3985,3985,3985,2904,3985,3985,2856,3985,2915,2848,
1657256611.4691005,A
1657256611.470098,426,30,2231,3984,3985,2845,3985,2905,2864,3985,3985,2838,2859,2863,3985,2898,
1657256611.470098,A
1657256611.471095,426,30,2246,3984,3985,3985,2912,3985,3985,3985,3985,3985,2856,3985,3985,2901,
1657256611.471095,A
1657256611.4720924,426,30,2238,2868,3984,3985,3985,2913,3985,3985,3985,3985,3985,3985,2916,2842,
1657256611.4720924,A
1657256611.4720924,426,30,2237,3984,3985,2845,3985,3985,3985,3985,3985,3985,3985,3985,3985,3982,
1657256611.4720924,A
1657256611.4730897,426,30,2236,3984,2855,3985,2915,2853,3985,2902,3985,2896,3985,2903,3985,2901,
1657256611.4730897,A
1657256611.4740872,426,30,2236,3984,3985,2906,3985,2845,3985,2853,3985,2899,3985,2849,3985,2901,
1657256611.4740872,A
1657256611.4750845,426,30,2243,3984,2855,3985,3985,2902,3985,2902,3985,3985,2921,3985,2912,3982,
1657256611.4750845,A
1657256611.4760818,426,30,2237,3984,3985,2864,3985,2854,3985,2915,3985,3985,3985,3985,2903,3982,
1657256611.4760818,A
1657256611.4760818,426,30,2236,3984,2905,3985,3985,2855,3985,3985,3985,3985,2857,3985,2908,3982,
1657256611.4760818,A
1657256611.4770794,426,30,2229,3984,3985,3985,2845,3985,3985,2913,3985,3985,3985,3985,2903,3982,
1657256611.4770794,A
1657256611.4780765,426,30,2235,2868,3985,2855,3985,3985,2902,3985,3985,3985,3985,2913,3985,2912,
1657256611.4780765,A
1657256611.4790738,426,30,2227,3984,2844,3985,3985,3985,3985,2916,3985,3985,2913,3985,3985,3982,
1657256611.4790738,A
1657256611.4790738,426,30,2226,3984,2902,3985,3985,2912,3985,2855,3985,3985,3985,2916,3985,2859,
1657256611.480071,A
1657256611.480071,426,30,2226,3984,3985,3985,3985,2845,3985,2905,3985,2899,3985,2905,3985,3982,
1657256611.480071,A
1657256611.4810684,426,30,2244,3984,2911,3985,3985,2905,3985,2844,3985,2899,3985,2906,3985,3982,
1657256611.4810684,A
1657256611.482066,426,30,2235,3984,2905,3985,2902,3985,2902,3985,3985,2907,3985,2915,3985,2910,
1657256611.482066,A
1657256611.4830632,426,30,2230,3984,3985,2915,3985,3985,3985,2906,3985,3985,3985,2864,3985,3982,
1657256611.4830632,A
1657256611.4830632,426,30,2242,3984,2905,3985,3985,3985,2903,2863,3985,2908,3985,3985,3985,3982,
1657256611.4830632,A
1657256611.4840605,426,30,2227,3984,3985,2905,2863,3985,3985,2905,3985,2898,3984,2845,3985,2902,
1657256611.4840605,A
1657256611.4850578,426,30,2245,3984,3985,3985,3985,2903,3985,3985,2914,2855,3985,3985,3985,3982,
1657256611.4850578,A
1657256611.4860551,426,30,2243,3984,2915,3985,3985,2905,3985,2845,3985,2838,3985,2845,3985,2849,
1657256611.4860551,A
1657256611.4870522,426,30,2247,3984,2909,3985,3985,2845,3985,2844,3985,2848,3985,2913,3985,3982,
1657256611.4870522,A
1657256611.4870522,426,30,2226,3984,3985,3985,3985,2855,3985,3985,3985,2848,3985,2915,3985,3982,
1657256611.4870522,A
1657256611.48805,426,30,2237,3984,3985,2905,3984,2902,2863,3985,2911,2854,3985,2903,3985,2852,
1657256611.48805,A
1657256611.489047,426,30,2239,3984,3985,3985,3985,2903,3985,2902,3985,3985,2903,3985,2845,3982,
1657256611.489047,A
1657256611.4900444,426,30,2249,3984,3985,3985,3985,3985,3985,3985,3985,2897,3985,3985,2855,3982,
1657256611.4900444,A
1657256611.491042,426,30,2238,3984,2914,3984,3985,2854,3985,3985,2904,3985,3985,3985,3985,3982,
1657256611.491042,A
1657256611.491042,426,30,2228,3984,2851,3985,3985,3985,3985,2912,3985,2848,2853,3984,3985,3982,
1657256611.491042,A
1657256611.4920392,426,30,2236,3984,3985,3985,3985,2906,3985,3985,2914,2854,3985,3985,3985,2898,
1657256611.4920392,A
1657256611.4930365,426,30,2246,3984,3985,2906,3985,3985,2845,3985,3985,2899,3985,2845,3985,3982,
1657256611.4930365,A
1657256611.4940338,426,30,2236,3200,3984,3985,2912,3985,3985,2905,3985,3985,2913,3985,3985,2897,
1657256611.4940338,A
1657256611.4940338,426,30,2240,3984,3985,2863,3985,3985,2845,3984,3985,2906,3985,2915,3985,3982,
1657256611.495031,A
1657256611.495031,426,30,2229,3984,2905,3985,3985,3985,2845,3985,3985,2838,3985,2905,3985,2859,
1657256611.495031,A
1657256611.4960284,426,30,2237,3984,3985,3985,2914,3985,3985,2915,3985,2848,3985,2915,3985,3982,
1657256611.4960284,A
1657256611.4970257,426,30,2228,3984,2852,3985,3985,2852,3985,3984,2911,3985,2856,3985,2912,2842,
1657256611.4970257,A
1657256611.4980233,426,30,2239,2867,3984,2853,3985,2845,3985,3985,3985,3985,2914,2854,3985,3982,
1657256611.4980233,A
1657256611.4980233,426,30,2233,3984,2915,3984,2912,3985,3985,2905,3985,3985,3985,2906,3985,2901,
1657256611.4980233,A
1657256611.4990206,426,30,2244,3984,3985,3985,3985,3985,3985,2845,3985,3985,3985,2916,3985,2858,
1657256611.4990206,A
1657256611.500018,426,30,2233,3984,2902,3985,2853,3985,2902,3985,3985,3985,2904,3985,2845,3982,
1657256611.500018,A
1657256611.501015,426,30,2224,2825,3985,3985,2906,3985,3985,2912,3985,2906,2853,3985,2905,3982,
1657256611.501015,A
1657256611.5020125,426,30,2230,3984,3985,2856,3985,2877,3985,2916,3985,2895,3985,2845,3985,3982,
1657256611.5020125,A
1657256611.5020125,426,30,2243,3984,3985,3985,2912,3985,3985,3985,3985,2906,2853,3985,3985,2860,
1657256611.5020125,A
1657256611.5030098,426,30,2228,3984,2911,3985,3985,2916,3985,3985,2905,2903,3985,3985,2903,3982,
1657256611.5030098,A
1657256611.504007,426,30,2227,2937,3985,3985,3985,2855,3985,2915,3985,3985,3985,2907,3985,3982,
1657256611.504007,A
1657256611.5050044,426,30,2226,3984,2845,3985,3985,3985,3985,3985,3985,3985,2846,3985,3985,2908,
1657256611.5050044,A
1657256611.506002,426,30,2234,3984,3985,3985,2903,3985,2919,3985,3985,3985,2904,3985,2905,2858,
1657256611.506002,A
1657256611.506002,426,30,2227,3984,3985,2869,3985,2857,3985,3985,2855,2862,3985,2915,3985,3982,
1657256611.506999,A
1657256611.506999,426,30,2229,3984,3985,3985,2907,3985,3985,3985,2845,3985,2846,3984,2845,3982,
1657256611.506999,A
1657256611.5147893,426,30,2229,3984,2905,3985,3985,2922,3985,3984,2914,3985,2845,3985,2905,3982,
1657256611.5147893,A
1657256611.5578456,426,30,2241,3984,3985,3985,2911,3985,3985,2915,3985,2848,3985,2912,3985,2909,
1657256611.5578456,A
1657256611.6002345,426,30,2227,2884,3985,3985,3985,2906,2863,3985,3985,3985,3985,2903,3985,2850,
1657256611.6002345,A
1657256611.6426923,426,30,2237,3984,3985,3985,3985,3985,3985,3985,2912,3985,3985,2856,3985,2908,
1657256611.6426923,A
1657256611.6850622,426,30,2226,3984,3984,2916,3985,3985,3985,3985,3985,3985,3985,3985,2903,3982,
1657256611.6850622,A
1657256611.7274194,426,30,2232,3984,2902,3984,3985,2902,3985,3985,3985,2849,3985,2915,3985,2910,
1657256611.7274194,A
1657256611.7701795,426,30,2219,3984,2902,3985,2905,3985,2902,3985,2905,3985,2846,3985,3985,2858,
1657256611.7701795,A
1657256611.8130705,426,30,2239,3198,2865,3985,2920,3985,2923,3985,3985,2839,3985,3985,2914,3982,
1657256611.8130705,A
1657256611.8554711,426,30,2239,3984,2855,3985,3985,2910,2863,3984,3985,3985,2916,3984,3985,3982,
1657256611.8554711,A
1657256611.8969266,426,30,2249,2873,3984,3985,3985,2845,3985,3985,2922,2854,3985,2905,3985,2899,
1657256611.8969266,A
1657256611.9404917,426,30,2237,3984,3985,3985,3985,3985,3985,3985,2915,3985,3985,2913,3985,2849,
1657256611.9404917,A
1657256611.9825165,426,30,2237,3984,2919,3985,2916,3985,3985,2902,3985,2838,3985,3985,3985,2849,
1657256611.9825165,A
1657256612.0254767,426,30,2226,3984,2845,3985,3985,3985,2845,2864,3985,2918,3985,2916,3985,2911,
1657256612.0254767,A
1657256612.0675352,425,30,2230,2886,3984,2863,3985,3985,3985,2845,3985,3985,3985,3985,3985,2912,
1657256612.0675352,A
1657256612.1098702,426,30,2234,3984,3985,2868,3985,2916,3985,2863,3984,3985,3985,2925,3985,2909,
1657256612.1098702,A
1657256612.1518896,426,30,2246,2876,3984,2853,3985,2902,2869,3985,3985,2896,3985,3985,3985,2849,
1657256612.1518896,A
1657256612.1946385,426,30,2246,2878,3984,3985,2855,3985,3985,3985,2912,3985,2906,3985,2845,3982,
1657256612.1946385,A
1657256612.2369385,426,30,2231,3984,2902,3985,2849,3985,3985,3985,2914,3985,2847,2863,3985,2912,
1657256612.2369385,A
1657256612.2795527,426,30,2227,2937,3985,3985,2912,2854,3985,3985,3985,2900,3985,2856,3985,3982,
1657256612.2795527,A
1657256612.3214417,426,30,2236,3984,2859,3985,3985,3985,2921,2853,3186,3985,3985,3985,3985,2849,
1657256612.3214417,A
1657256612.3642328,426,30,2236,3984,2902,3985,2853,3985,3985,2855,3985,3985,2846,3985,3985,2871,
1657256612.3642328,A
1657256612.4075243,426,30,2221,3984,3985,3985,3985,2855,2852,3985,3985,2906,3985,2855,3985,3982,
1657256612.4075243,A
1657256612.4492636,426,30,2235,3984,2853,3985,3985,2855,3985,2861,3985,2910,3985,3985,3985,3982,
1657256612.4492636,A
1657256612.492079,426,30,2229,3984,3985,3985,2915,3985,3985,3985,3985,2896,3985,2903,3985,3982,
1657256612.492079,A
1657256612.534713,426,30,2240,2869,3985,3985,3985,2908,2863,3985,2914,3985,3985,2918,3985,2907,
1657256612.534713,A
1657256612.577043,426,30,2239,3984,2911,3985,3985,3985,2913,3985,3985,2838,3985,3985,2924,3982,
1657256612.577043,A
1657256612.6187818,426,30,2238,3984,3985,3985,2916,2853,3985,2848,3985,3985,3985,2854,3985,3982,
1657256612.6187818,A
1657256612.6622844,426,30,2237,2873,3985,2905,2863,3985,2919,3985,2854,3985,3985,2903,3985,2898,
1657256612.6622844,A
1657256612.7040098,426,30,2236,3984,2911,3985,3985,2906,3985,2905,3985,3985,2913,2853,3985,2912,
1657256612.7040098,A
1657256612.7468703,426,30,2237,2876,3984,2905,3985,2902,3985,2855,3985,2896,3985,3985,2923,3982,
1657256612.7468703,A
1657256612.7898698,426,30,2237,3984,2915,3985,2914,3985,2915,3985,3985,2897,3985,3985,3985,2848,
1657256612.7898698,A
1657256612.83119,426,30,2246,3984,2915,3985,3985,3985,3985,3985,2845,3985,2912,3984,3985,3982,
1657256612.8321872,A
1657256612.8744464,426,30,2229,2878,3984,2863,3985,2918,3985,3985,2844,3985,3985,3985,3985,2900,
1657256612.8744464,A
1657256612.9161437,426,30,2228,3984,3985,3985,3985,2912,3985,3985,2859,3985,3985,2912,3985,2860,
1657256612.9161437,A
1657256612.9585397,426,30,2228,3984,3985,2905,3985,3985,2845,3985,2844,3985,2906,3985,3985,3982,
1657256612.9585397,A
1657256613.0018249,426,30,2226,3984,3985,3985,3985,2912,3985,3985,2905,3985,2912,3985,3985,2859,
1657256613.0018249,A
1657256613.0443656,426,30,2226,3984,3985,3985,2845,3985,2902,3985,2844,3985,2846,3985,3985,2920,
1657256613.0443656,A
1657256613.0860186,426,30,2226,2884,3984,2863,3985,3985,2845,3984,3985,2839,3985,2903,3985,3982,
1657256613.0860186,A
1657256613.1295524,426,30,2238,3984,3985,3985,2915,3985,3985,2905,3985,3985,2913,3985,2912,3982,
1657256613.1295524,A
1657256613.1716096,426,30,2229,2877,3984,2853,3985,3985,2857,3985,2914,3985,3985,2906,3985,3982,
1657256613.1716096,A
1657256613.2141902,426,30,2246,3984,2911,3985,2855,3985,2912,3985,2904,3985,2913,3985,3985,3982,
1657256613.2141902,A
1657256613.2570336,426,30,2238,3984,2914,3985,2855,3985,3985,2845,3985,3985,3985,3985,3985,2850,
1657256613.2570336,A
1657256613.2992287,426,30,2238,2868,3985,2853,3985,2912,2853,3984,3985,2849,3985,2861,3985,2908,
1657256613.2992287,A
1657256613.3409023,426,30,2227,3984,2905,3985,3985,2864,3985,3985,2902,3985,3985,2916,3985,3982,
1657256613.3409023,A
1657256613.383363,426,30,2232,3206,2863,3984,3985,3985,2912,2853,3985,3985,2856,2853,3985,2856,
1657256613.383363,A
1657256613.4264672,426,30,2232,3984,3985,3985,2915,3985,2855,3985,2845,3985,3985,2906,3985,3982,
1657256613.4264672,A
1657256613.4689872,426,30,2237,3984,3985,3985,2915,3985,2915,3985,3985,3985,2856,3985,2855,3982,
1657256613.4689872,A
1657256613.5117943,426,30,2239,3984,2912,3985,2855,3985,2915,3985,2864,3985,2859,3984,2854,3982,
1657256613.5117943,A
1657256613.55393,426,30,2238,3984,2914,3985,3985,2905,3985,2845,3985,2847,3985,2902,3985,3982,
1657256613.55393,A
1657256613.5968053,426,30,2238,3984,2862,3985,2864,3985,2915,3984,3985,2838,3985,2845,3985,2903,
1657256613.5968053,A
1657256613.6390343,426,30,2230,3984,3985,2915,3985,3985,3985,3985,2915,3985,3985,3985,3985,2850,
1657256613.6390343,A
1657256613.6806476,426,30,2237,2872,3984,3985,3985,2906,3985,3985,3985,2899,3985,2912,3985,3982,
1657256613.6806476,A
1657256613.7238014,426,30,2237,3984,3985,3985,2915,3985,2854,3984,2864,3985,3985,3985,3985,2853,
1657256613.7238014,A
1657256613.7662432,426,30,2243,3984,2915,3985,2912,2863,3985,2911,3985,3985,2907,3985,3985,2911,
1657256613.7662432,A
1657256613.8091161,426,30,2230,2882,3984,2863,3985,2854,3985,3985,2845,3985,2903,3985,2905,3982,
1657256613.8091161,A
1657256613.8512561,426,30,2239,3984,3985,3985,3985,3985,3985,3985,2854,3985,3985,3985,3984,2902,
1657256613.8512561,A
1657256613.893638,426,30,2242,2925,3985,2905,3985,3985,2912,3984,3985,2909,3985,2905,3985,3982,
1657256613.893638,A
1657256613.9360194,426,30,2238,3984,2914,3985,2855,3985,3985,3985,3985,3985,2916,3985,3985,2850,
1657256613.9360194,A
1657256613.9783204,426,30,2249,2876,3985,3985,2845,3985,2905,3985,3985,2905,3985,2917,3985,3982,
1657256613.9783204,A
1657256614.0211017,426,30,2226,3984,3985,2864,3985,3985,2845,3985,3985,2848,3985,2903,3985,3982,
1657256614.0211017,A
1657256614.063965,426,30,2239,3984,2917,3985,2905,3985,3985,3985,2844,3984,3985,2913,3985,3982,
1657256614.063965,A
1657256614.1060941,426,30,2226,3984,3985,3985,3985,3985,2845,3985,3985,3985,3985,2913,3985,2858,
1657256614.1060941,A
1657256614.1485124,426,30,2237,3984,3985,3985,2845,3985,2845,3985,3985,3985,2846,3985,2905,2850,
1657256614.1485124,A
1657256614.1913714,426,30,2239,3984,3985,2913,3985,2845,3985,2905,3985,2899,3985,3985,3985,2902,
1657256614.1913714,A
1657256614.233804,426,30,2241,3984,2866,3985,2854,3985,2915,3985,3985,2896,3985,3985,3985,3982,
1657256614.233804,A
1657256614.2758577,426,30,2228,3984,2902,3985,3985,2912,3985,2915,3985,2848,3985,3985,3985,2860,
1657256614.2758577,A
1657256614.3177109,426,30,2239,3984,3985,3985,3985,2906,3985,2905,3985,3985,2856,3985,3985,3982,
1657256614.3177109,A
1657256614.3608913,426,30,2236,3984,3985,2917,3985,2854,3985,2845,3985,2838,3985,3985,2902,3982,
1657256614.3608913,A
1657256614.4031823,426,30,2239,2924,3984,3985,2918,3985,2855,3985,3985,3984,2916,3985,2865,3982,
1657256614.4031823,A
1657256614.4460642,426,30,2243,2880,3984,2856,3985,3985,2845,3985,3985,3985,3985,2845,3985,2897,
1657256614.4460642,A
1657256614.4879377,426,30,2249,3984,2915,3985,3985,3985,2854,3985,2914,3985,2856,3985,2855,3982,
1657256614.4879377,A
1657256614.5310986,426,30,2239,3984,2915,3985,3985,2907,3985,2845,3985,3985,3985,2906,3985,2901,
1657256614.5310986,A
1657256614.572737,426,30,2236,2874,3984,3985,3985,3985,3985,2913,3985,2848,3985,2902,3985,2850,
1657256614.572737,A
1657256614.6149302,426,30,2245,3984,3985,3985,3985,2862,3985,2905,3985,2838,3985,2903,3985,3982,
1657256614.6149302,A
1657256614.6578453,426,30,2223,3984,3984,3985,2921,3985,2913,2853,3985,3985,3985,3985,3985,2903,
1657256614.6578453,A
1657256614.7007031,426,30,2236,2875,3984,3985,2915,3985,3985,2901,3985,3985,2907,3984,3985,2849,
1657256614.7007031,A
1657256614.7432232,426,30,2237,2872,3985,3985,3985,3985,3985,3985,3985,2839,3985,2905,2864,3982,
1657256614.7432232,A
1657256614.7859662,426,30,2236,3984,2863,3984,3985,3985,3985,2913,2853,3985,2906,2863,3985,2907,
1657256614.7859662,A
1657256614.8283641,426,30,2236,3984,3985,2863,3985,2915,3985,2912,3985,3985,2903,3985,2855,3982,
1657256614.8283641,A
1657256614.8705292,426,30,2246,2876,3985,3985,2912,3985,2855,3984,3985,2838,3985,2902,3985,2898,
1657256614.8705292,A
1657256614.9133468,426,30,2240,2867,3985,3985,2916,2853,3985,2902,3985,3985,2846,3985,3985,2909,
1657256614.9133468,A
1657256614.9547334,426,30,2235,3984,2844,3985,3985,2866,2853,3985,2844,3985,2906,3985,3985,2909,
1657256614.9547334,A
1657256614.9979162,426,30,2235,3984,2903,3985,3985,2906,3985,2905,3985,2896,3985,3985,2916,3982,
1657256614.9979162,A
1657256615.0406303,426,30,2237,3984,2855,3985,2855,3985,2914,3984,3985,2838,3985,3985,2845,3982,
1657256615.0406303,A
1657256615.0829253,426,30,2239,3984,3985,2854,3985,2902,2873,3984,3985,3985,2856,3985,2865,3982,
1657256615.0829253,A
1657256615.1256537,426,30,2236,3204,3985,2855,3985,3985,2902,2866,3985,2913,3985,3985,3985,2907,
1657256615.1256537,A
1657256615.1677766,426,30,2234,3984,3985,3985,3985,3985,2904,3985,3985,3985,3985,2913,3985,3982,
1657256615.1677766,A
1657256615.2106328,426,30,2237,3984,3984,2918,3985,2918,3985,2924,3985,2909,3985,2855,3985,2911,
1657256615.2106328,A
1657256615.252711,426,30,2230,3984,2911,3985,3985,2855,3985,3985,2846,3985,2901,3985,3985,3982,
1657256615.252711,A
1657256615.2951944,426,30,2238,3984,3985,3985,3985,3985,2916,3985,3985,3985,3985,2903,3985,2850,
1657256615.2951944,A
1657256615.3375854,426,30,2250,3984,2915,3985,3985,3985,3985,3985,3985,2906,3985,2912,3985,2859,
1657256615.3375854,A
1657256615.3804207,426,30,2226,3984,3985,3985,2906,3985,3985,3985,3985,2910,3984,2854,3985,2901,
1657256615.3804207,A
1657256615.4228048,426,30,2218,3984,2849,3985,3985,2915,3985,2915,3985,2906,3985,3985,2906,3982,
1657256615.4228048,A
1657256615.4655137,426,30,2227,3984,2845,3985,2905,3985,3985,2856,3985,3985,2856,3985,2912,3982,
1657256615.4655137,A
1657256615.5078597,426,30,2242,3984,2915,3985,2918,3985,2855,3985,3985,2899,3985,3985,3985,2897,
1657256615.5078597,A
1657256615.550161,426,30,2240,3984,3985,3985,3985,2855,3985,3985,3985,3985,3985,2860,3985,2858,
1657256615.550161,A
1657256615.592442,426,30,2229,3984,2909,3985,2903,3985,2911,3985,2844,3985,3985,3985,3985,2903,
1657256615.592442,A
1657256615.6348574,426,30,2238,3984,2915,3984,3985,3985,2913,2854,3985,2906,2863,3985,2915,2842,
1657256615.6348574,A
1657256615.6775897,426,30,2242,2876,3984,3985,3985,2915,3985,2855,3985,3985,2857,3985,2927,3982,
1657256615.6775897,A
1657256615.719645,426,30,2236,3984,3985,3985,2915,3985,2855,3985,2914,3985,3985,2917,3985,2898,
1657256615.719645,A
1657256615.7627387,426,30,2226,2937,3985,2863,3985,2912,3985,3985,2845,3985,2914,3984,3985,2859,
1657256615.7627387,A
1657256615.8048434,426,30,2227,3984,2845,3186,3984,2908,3985,2904,3985,3985,3985,3985,2903,3982,
1657256615.8048434,A
1657256615.847588,426,30,2237,3984,3985,3985,3985,3985,2903,3985,3985,3985,3985,3985,2916,3982,
1657256615.847588,A
1657256615.890119,426,30,2239,3984,3985,3985,2915,2854,3985,2851,3985,2839,3985,2911,3985,2897,
1657256615.890119,A
1657256615.9323065,426,30,2239,3984,2914,3985,2916,3985,2918,2853,3985,3985,3985,2845,3985,2850,
1657256615.9323065,A
1657256615.975142,426,30,2245,3984,2914,3984,3985,3985,2912,3985,2864,3985,2915,3985,3985,3982,
1657256615.975142,A
1657256616.0176127,426,30,2239,3984,3984,2845,3985,3985,3985,2912,3985,3985,3985,2856,3985,3982,
1657256616.0176127,A
1657256616.0596747,426,30,2226,3984,3985,3985,2903,3985,3985,3985,3985,2908,3985,3985,3985,2853,
1657256616.0596747,A
1657256616.1021001,426,30,2225,3984,2907,3985,2854,3985,3985,3985,3985,2907,2861,3984,3985,2859,
1657256616.1021001,A
1657256616.1445897,426,30,2234,3206,3985,3985,2906,3985,2855,3985,3985,3985,2904,3985,2902,3982,
1657256616.1445897,A
1657256616.1871004,426,30,2229,3984,3985,2915,3985,2854,3985,2915,3985,2848,3985,3985,3985,2907,
1657256616.1871004,A
1657256616.228731,426,30,2239,3984,2855,3985,3985,3985,2916,2858,3985,2900,3985,2854,3985,2898,
1657256616.228731,A
1657256616.27179,426,30,2246,3984,2856,3985,2912,2853,3985,3985,3985,2896,3985,2915,3985,3982,
1657256616.27179,A
1657256616.3046834,426,30,2228,3984,3985,3985,3985,3985,2903,3985,2844,3985,3985,2856,3985,3982,
1657256616.3046834,A
1657256616.3519092,426,30,2227,3984,2905,3985,3985,3985,2912,3985,3985,3985,2917,3985,3985,2898,
1657256616.3519092,A
1657256616.3984122,426,30,2236,3984,3985,3985,2855,3985,2912,3984,3985,2899,3985,3985,2845,3982,
1657256616.3984122,A
1657256616.4300177,426,30,2236,3984,2912,3985,2915,3985,2914,3984,3985,2896,3985,2906,3985,2848,
1657256616.4300177,A
1657256616.4768887,426,30,2237,3984,2855,3985,3985,3985,3985,2916,3985,2852,3985,2913,3985,2866,
1657256616.4768887,A
1657256616.5237432,426,30,2229,3984,3984,2915,2854,3985,2906,3984,2859,3985,2904,3984,3985,2858,
1657256616.5237432,A
1657256616.5546253,426,30,2240,3984,2914,3985,2914,3985,2915,2857,3985,2896,3985,2861,3985,2849,
1657256616.5546253,A
1657256616.6018436,426,30,2239,3984,3985,2853,3985,3985,3985,2915,3985,2848,3985,3985,3985,2899,
1657256616.6018436,A
1657256616.6487079,426,30,2245,3984,2915,3985,3985,3985,3985,3985,3985,2901,3985,2907,3985,3982,
1657256616.6487079,A
1657256616.697076,426,30,2227,3984,2914,3984,2915,3985,2912,3985,2867,3985,3985,3985,3985,2849,
1657256616.697076,A
1657256616.7285445,426,30,2236,3984,3984,3985,3985,3985,2916,2855,3985,2897,3985,3984,2915,3982,
1657256616.7285445,A
1657256616.7752101,426,30,2243,2867,3984,2905,3985,2854,3985,3984,2865,3985,3985,2906,3985,2901,
1657256616.7752101,A
1657256616.821941,426,30,2237,3984,3985,3985,2845,3985,3985,2903,3985,2842,3985,3985,2855,3982,
1657256616.821941,A
1657256616.8547761,426,30,2246,3984,3985,2853,3985,2845,3985,2902,3985,2899,3985,3985,3985,2897,
1657256616.8547761,A
1657256616.9019735,426,30,2247,3984,3985,3985,3985,3985,2855,3984,3985,3985,3985,2911,3985,2850,
1657256616.9019735,A
1657256616.9485042,426,30,2246,3984,3985,3985,3985,2855,3985,3984,2854,3985,3985,3985,3985,3982,
1657256616.9485042,A
1657256616.979764,426,30,2228,3984,2844,3985,2845,3985,2902,3984,3985,2908,3985,3985,2906,3982,
1657256616.979764,A
1657256617.0269613,426,30,2243,3984,3984,3985,3985,3985,3985,2854,3985,2908,3985,3985,2860,3982,
1657256617.0269613,A
1657256617.0738254,426,30,2226,3984,3985,3985,3985,2855,3985,3985,2864,3985,3985,2848,3985,3982,
1657256617.0738254,A
1657256617.118485,426,30,2235,3984,3984,3985,3984,3985,3985,2903,3985,3985,3985,2906,3985,3982,
1657256617.118485,A
1657256617.1521542,426,30,2239,2868,3984,3985,2845,3985,2905,3984,3985,3985,3985,3985,2906,3981,
1657256617.1521542,A
1657256617.1993763,426,30,2236,3984,3985,3984,2902,3985,3985,3985,3985,2909,3985,2905,3985,2858,
1657256617.1993763,A
1657256617.245882,426,30,2229,3984,3984,3985,3985,2915,3985,2915,3985,2848,3985,3985,2844,3982,
1657256617.245882,A
1657256617.2774978,426,30,2236,2878,3984,3984,2854,3985,2845,3985,2864,3985,2865,3985,3985,3982,
1657256617.2774978,A
1657256617.3243568,426,30,2239,3984,3985,3985,3985,3985,2913,3985,2864,3985,2916,3985,2915,2840,
1657256617.3243568,A
1657256617.3712132,426,30,2227,3984,2863,3178,2863,3985,3985,3985,3985,2896,3985,3985,2859,3982,
1657256617.3712132,A
1657256617.4177165,426,30,2248,3984,3984,3985,2912,3985,2855,3985,2854,3985,2846,3985,3985,2912,
1657256617.4177165,A
1657256617.449322,426,30,2226,3984,3985,3985,2902,3985,3985,3985,2855,3985,3985,3985,3985,3982,
1657256617.449322,A
1657256617.4961808,426,30,2218,3984,3985,3985,3984,2855,3985,3985,2905,3985,3985,3985,2845,2853,
1657256617.4961808,A
1657256617.5429928,426,30,2220,3984,2905,3984,3985,2915,3985,3985,3985,3985,2846,3985,2905,2840,
1657256617.5429928,A
